7,5,2,0,86.2,26.2,94.3,5.1,8.2,51,6.7,0,7430.44,686.44,8892.49,26.01,67.24,2601,44.89,0,640503.928,17984.728,838561.807,132.651,551.368,132651,300.763,0,0
7,4,9,0,90.6,35.4,669.1,6.7,18,33,0.9,0,8208.36,1253.16,447694.81,44.89,324,1089,0.81,0,743677.416,44361.864,299552597.371,300.763,5832,35937,0.729,0,0
7,4,9,1,90.6,43.7,686.9,6.7,14.6,33,1.3,0,8208.36,1909.69,471831.61,44.89,213.16,1089,1.69,0,743677.416,83453.453,324101132.909,300.763,3112.136,35937,2.197,0,0
8,6,2,0,91.7,33.3,77.5,9,8.3,97,4,0.2,8408.89,1108.89,6006.25,81,68.89,9409,16,0.04,771095.213,36926.037,465484.375,729,571.787,912673,64,0.008,0
8,6,2,1,89.3,51.3,102.2,9.6,11.4,99,1.8,0,7974.49,2631.69,10444.84,92.16,129.96,9801,3.24,0,712121.957,135005.697,1067462.648,884.736,1481.544,970299,5.832,0,0
8,6,7,1,92.3,85.3,488,14.7,22.2,29,5.4,0,8519.29,7276.09,238144,216.09,492.84,841,29.16,0,786330.467,620650.477,116214272,3176.523,10941.048,24389,157.464,0,0
8,6,7,0,92.3,88.9,495.6,8.5,24.1,27,3.1,0,8519.29,7903.21,245619.36,72.25,580.81,729,9.61,0,786330.467,702595.369,121728954.816,614.125,13997.521,19683,29.791,0,0
8,6,7,0,91.5,145.4,608.2,10.7,8,86,2.2,0,8372.25,21141.16,369907.24,114.49,64,7396,4.84,0,766060.875,3073924.664,224977583.368,1225.043,512,636056,10.648,0,0
8,6,8,0,91,129.5,692.6,7,13.1,63,5.4,0,8281,16770.25,479694.76,49,171.61,3969,29.16,0,753571,2171747.375,332236590.776,343,2248.091,250047,157.464,0,0
7,5,8,1,92.5,88,698.6,7.1,22.8,40,4,0,8556.25,7744,488041.96,50.41,519.84,1600,16,0,791453.125,681472,340946113.256,357.911,11852.352,64000,64,0,0
7,5,8,1,92.5,88,698.6,7.1,17.8,51,7.2,0,8556.25,7744,488041.96,50.41,316.84,2601,51.84,0,791453.125,681472,340946113.256,357.911,5639.752,132651,373.248,0,0
7,5,8,1,92.8,73.2,713,22.6,19.3,38,4,0,8611.84,5358.24,508369,510.76,372.49,1444,16,0,799178.752,392223.168,362467097,11543.176,7189.057,54872,64,0,0
6,5,7,0,63.5,70.8,665.3,0.8,17,72,6.7,0,4032.25,5012.64,442624.09,0.64,289,5184,44.89,0,256047.875,354894.912,294477807.077,0.512,4913,373248,300.763,0,0
6,5,8,0,90.9,126.5,686.5,7,21.3,42,2.2,0,8262.81,16002.25,471282.25,49,453.69,1764,4.84,0,751089.429,2024284.625,323535264.625,343,9663.597,74088,10.648,0,0
6,5,8,0,92.9,133.3,699.6,9.2,26.4,21,4.5,0,8630.41,17768.89,489440.16,84.64,696.96,441,20.25,0,801765.089,2368593.037,342412335.936,778.688,18399.744,9261,91.125,0,0
6,5,8,0,93.3,141.2,713.9,13.9,22.9,44,5.4,0,8704.89,19937.44,509653.21,193.21,524.41,1936,29.16,0,812166.237,2815166.528,363841426.619,2685.619,12008.989,85184,157.464,0,0
5,5,2,1,91.7,35.8,80.8,7.8,15.1,27,5.4,0,8408.89,1281.64,6528.64,60.84,228.01,729,29.16,0,771095.213,45882.712,527514.112,474.552,3442.951,19683,157.464,0,0
8,5,9,0,84.9,32.8,664.2,3,16.7,47,4.9,0,7208.01,1075.84,441161.64,9,278.89,2209,24.01,0,611960.049,35287.552,293019561.288,27,4657.463,103823,117.649,0,0
6,4,2,0,89.2,27.9,70.8,6.3,15.9,35,4,0,7956.64,778.41,5012.64,39.69,252.81,1225,16,0,709732.288,21717.639,354894.912,250.047,4019.679,42875,64,0,0
6,4,3,1,86.3,27.4,97.1,5.1,9.3,44,4.5,0,7447.69,750.76,9428.41,26.01,86.49,1936,20.25,0,642735.647,20570.824,915498.611,132.651,804.357,85184,91.125,0,0
6,4,8,0,91,129.5,692.6,7,18.3,40,2.7,0,8281,16770.25,479694.76,49,334.89,1600,7.29,0,753571,2171747.375,332236590.776,343,6128.487,64000,19.683,0,0
5,4,8,0,91.8,78.5,724.3,9.2,19.1,38,2.7,0,8427.24,6162.25,524610.49,84.64,364.81,1444,7.29,0,773620.632,483736.625,379975377.907,778.688,6967.871,54872,19.683,0,0
7,4,5,1,94.3,96.3,200,56.1,21,44,4.5,0,8892.49,9273.69,40000,3147.21,441,1936,20.25,0,838561.807,893056.347,8000000,176558.481,9261,85184,91.125,0,0
7,4,7,1,90.2,110.9,537.4,6.2,19.5,43,5.8,0,8136.04,12298.81,288798.76,38.44,380.25,1849,33.64,0,733870.808,1363938.029,155200453.624,238.328,7414.875,79507,195.112,0,0
7,4,7,1,93.5,139.4,594.2,20.3,23.7,32,5.8,0,8742.25,19432.36,353073.64,412.09,561.69,1024,33.64,0,817400.375,2708870.984,209796356.888,8365.427,13312.053,32768,195.112,0,0
7,4,7,1,91.4,142.4,601.4,10.6,16.3,60,5.4,0,8353.96,20277.76,361681.96,112.36,265.69,3600,29.16,0,763551.944,2887553.024,217515530.744,1191.016,4330.747,216000,157.464,0,0
7,4,8,0,92.4,117.9,668,12.2,19,34,5.8,0,8537.76,13900.41,446224,148.84,361,1156,33.64,0,788889.024,1638858.339,298077632,1815.848,6859,39304,195.112,0,0
7,4,8,0,90.9,126.5,686.5,7,19.4,48,1.3,0,8262.81,16002.25,471282.25,49,376.36,2304,1.69,0,751089.429,2024284.625,323535264.625,343,7301.384,110592,2.197,0,0
6,3,8,1,93.4,145.4,721.4,8.1,30.2,24,2.7,0,8723.56,21141.16,520417.96,65.61,912.04,576,7.29,0,814780.504,3073924.664,375429516.344,531.441,27543.608,13824,19.683,0,0
6,3,8,1,93.5,149.3,728.6,8.1,22.8,39,3.6,0,8742.25,22290.49,530857.96,65.61,519.84,1521,12.96,0,817400.375,3327970.157,386783109.656,531.441,11852.352,59319,46.656,0,0
6,3,8,0,94.3,85.1,692.3,15.9,25.4,24,3.6,0,8892.49,7242.01,479279.29,252.81,645.16,576,12.96,0,838561.807,616295.051,331805052.467,4019.679,16387.064,13824,46.656,0,0
6,3,8,0,88.6,91.8,709.9,7.1,11.2,78,7.6,0,7849.96,8427.24,503958.01,50.41,125.44,6084,57.76,0,695506.456,773620.632,357759791.299,357.911,1404.928,474552,438.976,0,0
6,3,8,0,88.6,69.7,706.8,5.8,20.6,37,1.8,0,7849.96,4858.09,499566.24,33.64,424.36,1369,3.24,0,695506.456,338608.873,353093418.432,195.112,8741.816,50653,5.832,0,0
6,3,8,1,91.7,75.6,718.3,7.8,17.7,39,3.6,0,8408.89,5715.36,515954.89,60.84,313.29,1521,12.96,0,771095.213,432081.216,370610397.487,474.552,5545.233,59319,46.656,0,0
6,3,8,0,91.8,78.5,724.3,9.2,21.2,32,2.7,0,8427.24,6162.25,524610.49,84.64,449.44,1024,7.29,0,773620.632,483736.625,379975377.907,778.688,9528.128,32768,19.683,0,0
6,3,8,0,90.3,80.7,730.2,6.3,18.2,62,4.5,0,8154.09,6512.49,533192.04,39.69,331.24,3844,20.25,0,736314.327,525557.943,389336827.608,250.047,6028.568,238328,91.125,0,0
6,3,9,0,90.6,35.4,669.1,6.7,21.7,24,4.5,0,8208.36,1253.16,447694.81,44.89,470.89,576,20.25,0,743677.416,44361.864,299552597.371,300.763,10218.313,13824,91.125,0,0
7,4,9,0,90,41.5,682.6,8.7,11.3,60,5.4,0,8100,1722.25,465942.76,75.69,127.69,3600,29.16,0,729000,71473.375,318052527.976,658.503,1442.897,216000,157.464,0,0
7,3,9,1,90.6,43.7,686.9,6.7,17.8,27,4,0,8208.36,1909.69,471831.61,44.89,316.84,729,16,0,743677.416,83453.453,324101132.909,300.763,5639.752,19683,64,0,0
4,4,2,0,88.1,25.7,67.6,3.8,14.1,43,2.7,0,7761.61,660.49,4569.76,14.44,198.81,1849,7.29,0,683797.841,16974.593,308915.776,54.872,2803.221,79507,19.683,0,0
4,4,6,0,79.5,60.6,366.7,1.5,23.3,37,3.1,0,6320.25,3672.36,134468.89,2.25,542.89,1369,9.61,0,502459.875,222545.016,49309741.963,3.375,12649.337,50653,29.791,0,0
4,4,7,1,90.2,96.9,624.2,8.9,18.4,42,6.7,0,8136.04,9389.61,389625.64,79.21,338.56,1764,44.89,0,733870.808,909853.209,243204324.488,704.969,6229.504,74088,300.763,0,0
4,4,7,0,94.8,108.3,647.1,17,16.6,54,5.4,0,8987.04,11728.89,418738.41,289,275.56,2916,29.16,0,851971.392,1270238.787,270965625.111,4913,4574.296,157464,157.464,0,0
4,4,8,1,92.5,88,698.6,7.1,19.6,48,2.7,0,8556.25,7744,488041.96,50.41,384.16,2304,7.29,0,791453.125,681472,340946113.256,357.911,7529.536,110592,19.683,0,0
4,4,8,0,90.1,82.9,735.7,6.2,12.9,74,4.9,0,8118.01,6872.41,541254.49,38.44,166.41,5476,24.01,0,731432.701,569722.789,398200928.293,238.328,2146.689,405224,117.649,0,0
5,6,8,0,94.3,85.1,692.3,15.9,25.9,24,4,0,8892.49,7242.01,479279.29,252.81,670.81,576,16,0,838561.807,616295.051,331805052.467,4019.679,17373.979,13824,64,0,0
5,6,8,0,90.9,126.5,686.5,7,14.7,70,3.6,0,8262.81,16002.25,471282.25,49,216.09,4900,12.96,0,751089.429,2024284.625,323535264.625,343,3176.523,343000,46.656,0,0
6,6,6,0,94.2,62.3,442.9,11,23,36,3.1,0,8873.64,3881.29,196160.41,121,529,1296,9.61,0,835896.888,241804.367,86879445.589,1331,12167,46656,29.791,0,0
4,4,2,0,87.2,23.9,64.7,4.1,11.8,35,1.8,0,7603.84,571.21,4186.09,16.81,139.24,1225,3.24,0,663054.848,13651.919,270840.023,68.921,1643.032,42875,5.832,0,0
4,4,2,0,87.6,52.2,103.8,5,11,46,5.8,0,7673.76,2724.84,10774.44,25,121,2116,33.64,0,672221.376,142236.648,1118386.872,125,1331,97336,195.112,0,0
4,4,8,0,92.9,137,706.4,9.2,20.8,17,1.3,0,8630.41,18769,499000.96,84.64,432.64,289,1.69,0,801765.089,2571353,352494278.144,778.688,8998.912,4913,2.197,0,0
4,3,7,1,90.2,99.6,631.2,6.3,21.5,34,2.2,0,8136.04,9920.16,398413.44,39.69,462.25,1156,4.84,0,733870.808,988047.936,251478563.328,250.047,9938.375,39304,10.648,0,0
4,3,7,0,92.1,111.2,654.1,9.6,20.4,42,4.9,0,8482.41,12365.44,427846.81,92.16,416.16,1764,24.01,0,781229.961,1375036.928,279854598.421,884.736,8489.664,74088,117.649,0,0
4,3,7,0,92.1,111.2,654.1,9.6,20.4,42,4.9,0,8482.41,12365.44,427846.81,92.16,416.16,1764,24.01,0,781229.961,1375036.928,279854598.421,884.736,8489.664,74088,117.649,0,0
4,3,7,0,91.7,114.3,661.3,6.3,17.6,45,3.6,0,8408.89,13064.49,437317.69,39.69,309.76,2025,12.96,0,771095.213,1493271.207,289198188.397,250.047,5451.776,91125,46.656,0,0
4,3,8,0,92.9,137,706.4,9.2,27.7,24,2.2,0,8630.41,18769,499000.96,84.64,767.29,576,4.84,0,801765.089,2571353,352494278.144,778.688,21253.933,13824,10.648,0,0
4,3,8,0,90.3,80.7,730.2,6.3,17.8,63,4.9,0,8154.09,6512.49,533192.04,39.69,316.84,3969,24.01,0,736314.327,525557.943,389336827.608,250.047,5639.752,250047,117.649,0,0
4,3,9,1,92.6,46.5,691.8,8.8,13.8,50,2.7,0,8574.76,2162.25,478587.24,77.44,190.44,2500,7.29,0,794022.776,100544.625,331086652.632,681.472,2628.072,125000,19.683,0,0
2,2,1,0,84,9.3,34,2.1,13.9,40,5.4,0,7056,86.49,1156,4.41,193.21,1600,29.16,0,592704,804.357,39304,9.261,2685.619,64000,157.464,0,0
2,2,1,0,86.6,13.2,43,5.3,12.3,51,0.9,0,7499.56,174.24,1849,28.09,151.29,2601,0.81,0,649461.896,2299.968,79507,148.877,1860.867,132651,0.729,0,0
2,2,2,1,89.3,51.3,102.2,9.6,11.5,39,5.8,0,7974.49,2631.69,10444.84,92.16,132.25,1521,33.64,0,712121.957,135005.697,1067462.648,884.736,1520.875,59319,195.112,0,0
2,2,2,1,89.3,51.3,102.2,9.6,5.5,59,6.3,0,7974.49,2631.69,10444.84,92.16,30.25,3481,39.69,0,712121.957,135005.697,1067462.648,884.736,166.375,205379,250.047,0,0
2,2,7,0,93,75.3,466.6,7.7,18.8,35,4.9,0,8649,5670.09,217715.56,59.29,353.44,1225,24.01,0,804357,426957.777,101586080.296,456.533,6644.672,42875,117.649,0,0
2,2,7,1,90.2,99.6,631.2,6.3,20.8,33,2.7,0,8136.04,9920.16,398413.44,39.69,432.64,1089,7.29,0,733870.808,988047.936,251478563.328,250.047,8998.912,35937,19.683,0,0
2,2,7,0,91.1,103.2,638.8,5.8,23.1,31,3.1,0,8299.21,10650.24,408065.44,33.64,533.61,961,9.61,0,756058.031,1099104.768,260672203.072,195.112,12326.391,29791,29.791,0,0
2,2,7,0,91.7,114.3,661.3,6.3,18.6,44,4.5,0,8408.89,13064.49,437317.69,39.69,345.96,1936,20.25,0,771095.213,1493271.207,289198188.397,250.047,6434.856,85184,91.125,0,0
2,2,8,0,92.4,117.9,668,12.2,23,37,4.5,0,8537.76,13900.41,446224,148.84,529,1369,20.25,0,788889.024,1638858.339,298077632,1815.848,12167,50653,91.125,0,0
2,2,8,0,92.4,117.9,668,12.2,19.6,33,5.4,0,8537.76,13900.41,446224,148.84,384.16,1089,29.16,0,788889.024,1638858.339,298077632,1815.848,7529.536,35937,157.464,0,0
2,2,8,0,92.4,117.9,668,12.2,19.6,33,6.3,0,8537.76,13900.41,446224,148.84,384.16,1089,39.69,0,788889.024,1638858.339,298077632,1815.848,7529.536,35937,250.047,0,0
4,5,2,0,91.7,33.3,77.5,9,17.2,26,4.5,0,8408.89,1108.89,6006.25,81,295.84,676,20.25,0,771095.213,36926.037,465484.375,729,5088.448,17576,91.125,0,0
4,5,2,0,91.2,48.3,97.8,12.5,15.8,27,7.6,0,8317.44,2332.89,9564.84,156.25,249.64,729,57.76,0,758550.528,112678.587,935441.352,1953.125,3944.312,19683,438.976,0,0
4,5,8,0,94.3,85.1,692.3,15.9,17.7,37,3.6,0,8892.49,7242.01,479279.29,252.81,313.29,1369,12.96,0,838561.807,616295.051,331805052.467,4019.679,5545.233,50653,46.656,0,0
5,4,2,0,91.7,33.3,77.5,9,15.6,25,6.3,0,8408.89,1108.89,6006.25,81,243.36,625,39.69,0,771095.213,36926.037,465484.375,729,3796.416,15625,250.047,0,0
5,4,7,0,88.8,147.3,614.5,9,17.3,43,4.5,0,7885.44,21697.29,377610.25,81,299.29,1849,20.25,0,700227.072,3196010.817,232041498.625,729,5177.717,79507,91.125,0,0
5,4,8,0,93.3,141.2,713.9,13.9,27.6,30,1.3,0,8704.89,19937.44,509653.21,193.21,761.76,900,1.69,0,812166.237,2815166.528,363841426.619,2685.619,21024.576,27000,2.197,0,0
9,9,1,0,84.2,6.8,26.6,7.7,6.7,79,3.1,0,7089.64,46.24,707.56,59.29,44.89,6241,9.61,0,596947.688,314.432,18821.096,456.533,300.763,493039,29.791,0,0
9,9,1,0,86.6,13.2,43,5.3,15.7,43,3.1,0,7499.56,174.24,1849,28.09,246.49,1849,9.61,0,649461.896,2299.968,79507,148.877,3869.893,79507,29.791,0,0
1,3,2,0,87.6,52.2,103.8,5,8.3,72,3.1,0,7673.76,2724.84,10774.44,25,68.89,5184,9.61,0,672221.376,142236.648,1118386.872,125,571.787,373248,29.791,0,0
1,2,7,0,90.1,108,529.8,12.5,14.7,66,2.7,0,8118.01,11664,280688.04,156.25,216.09,4356,7.29,0,731432.701,1259712,148708523.592,1953.125,3176.523,287496,19.683,0,0
1,2,7,0,91,121.2,561.6,7,21.6,19,6.7,0,8281,14689.44,315394.56,49,466.56,361,44.89,0,753571,1780360.128,177125584.896,343,10077.696,6859,300.763,0,0
1,2,7,1,91.4,142.4,601.4,10.6,19.5,39,6.3,0,8353.96,20277.76,361681.96,112.36,380.25,1521,39.69,0,763551.944,2887553.024,217515530.744,1191.016,7414.875,59319,250.047,0,0
1,2,7,1,90.2,99.6,631.2,6.3,17.9,44,2.2,0,8136.04,9920.16,398413.44,39.69,320.41,1936,4.84,0,733870.808,988047.936,251478563.328,250.047,5735.339,85184,10.648,0,0
1,2,7,0,94.8,108.3,647.1,17,18.6,51,4.5,0,8987.04,11728.89,418738.41,289,345.96,2601,20.25,0,851971.392,1270238.787,270965625.111,4913,6434.856,132651,91.125,0,0
1,2,7,0,92.1,111.2,654.1,9.6,16.6,47,0.9,0,8482.41,12365.44,427846.81,92.16,275.56,2209,0.81,0,781229.961,1375036.928,279854598.421,884.736,4574.296,103823,0.729,0,0
1,2,7,0,91.7,114.3,661.3,6.3,20.2,45,3.6,0,8408.89,13064.49,437317.69,39.69,408.04,2025,12.96,0,771095.213,1493271.207,289198188.397,250.047,8242.408,91125,46.656,0,0
1,2,8,0,92.9,137,706.4,9.2,21.5,15,0.9,0,8630.41,18769,499000.96,84.64,462.25,225,0.81,0,801765.089,2571353,352494278.144,778.688,9938.375,3375,0.729,0,0
1,2,8,0,92.9,137,706.4,9.2,25.4,27,2.2,0,8630.41,18769,499000.96,84.64,645.16,729,4.84,0,801765.089,2571353,352494278.144,778.688,16387.064,19683,10.648,0,0
1,2,8,0,92.9,137,706.4,9.2,22.4,34,2.2,0,8630.41,18769,499000.96,84.64,501.76,1156,4.84,0,801765.089,2571353,352494278.144,778.688,11239.424,39304,10.648,0,0
1,2,8,1,93.5,149.3,728.6,8.1,25.3,36,3.6,0,8742.25,22290.49,530857.96,65.61,640.09,1296,12.96,0,817400.375,3327970.157,386783109.656,531.441,16194.277,46656,46.656,0,0
6,5,2,1,91.7,35.8,80.8,7.8,17.4,25,4.9,0,8408.89,1281.64,6528.64,60.84,302.76,625,24.01,0,771095.213,45882.712,527514.112,474.552,5268.024,15625,117.649,0,0
6,5,7,1,90.2,96.9,624.2,8.9,14.7,59,5.8,0,8136.04,9389.61,389625.64,79.21,216.09,3481,33.64,0,733870.808,909853.209,243204324.488,704.969,3176.523,205379,195.112,0,0
8,6,2,0,91.7,35.8,80.8,7.8,17.4,24,5.4,0,8408.89,1281.64,6528.64,60.84,302.76,576,29.16,0,771095.213,45882.712,527514.112,474.552,5268.024,13824,157.464,0,0
8,6,7,1,92.3,85.3,488,14.7,20.8,32,6.3,0,8519.29,7276.09,238144,216.09,432.64,1024,39.69,0,786330.467,620650.477,116214272,3176.523,8998.912,32768,250.047,0,0
8,6,7,1,91.4,142.4,601.4,10.6,18.2,43,4.9,0,8353.96,20277.76,361681.96,112.36,331.24,1849,24.01,0,763551.944,2887553.024,217515530.744,1191.016,6028.568,79507,117.649,0,0
8,6,7,0,91.1,103.2,638.8,5.8,23.4,22,2.7,0,8299.21,10650.24,408065.44,33.64,547.56,484,7.29,0,756058.031,1099104.768,260672203.072,195.112,12812.904,10648,19.683,0,0
4,4,8,1,89.7,90,704.4,4.8,17.8,64,1.3,0,8046.09,8100,496179.36,23.04,316.84,4096,1.69,0,721734.273,729000,349508741.184,110.592,5639.752,262144,2.197,0,0
3,4,1,1,83.9,8,30.2,2.6,12.7,48,1.8,0,7039.21,64,912.04,6.76,161.29,2304,3.24,0,590589.719,512,27543.608,17.576,2048.383,110592,5.832,0,0
3,4,2,1,69,2.4,15.5,0.7,17.4,24,5.4,0,4761,5.76,240.25,0.49,302.76,576,29.16,0,328509,13.824,3723.875,0.343,5268.024,13824,157.464,0,0
3,4,7,1,91.4,142.4,601.4,10.6,11.6,87,4.5,0,8353.96,20277.76,361681.96,112.36,134.56,7569,20.25,0,763551.944,2887553.024,217515530.744,1191.016,1560.896,658503,91.125,0,0
3,4,7,1,91.4,142.4,601.4,10.6,19.8,39,5.4,0,8353.96,20277.76,361681.96,112.36,392.04,1521,29.16,0,763551.944,2887553.024,217515530.744,1191.016,7762.392,59319,157.464,0,0
3,4,7,1,91.4,142.4,601.4,10.6,19.8,39,5.4,0,8353.96,20277.76,361681.96,112.36,392.04,1521,29.16,0,763551.944,2887553.024,217515530.744,1191.016,7762.392,59319,157.464,0,0
3,4,7,0,88.8,147.3,614.5,9,14.4,66,5.4,0,7885.44,21697.29,377610.25,81,207.36,4356,29.16,0,700227.072,3196010.817,232041498.625,729,2985.984,287496,157.464,0,0
2,4,7,0,94.8,108.3,647.1,17,20.1,40,4,0,8987.04,11728.89,418738.41,289,404.01,1600,16,0,851971.392,1270238.787,270965625.111,4913,8120.601,64000,64,0,0
2,4,8,1,92.5,121.1,674.4,8.6,24.1,29,4.5,0,8556.25,14665.21,454815.36,73.96,580.81,841,20.25,0,791453.125,1775956.931,306727478.784,636.056,13997.521,24389,91.125,0,0
2,4,0,1,82.1,3.7,9.3,2.9,5.3,78,3.1,0,6740.41,13.69,86.49,8.41,28.09,6084,9.61,0,553387.661,50.653,804.357,24.389,148.877,474552,29.791,0,0
4,5,2,0,85.9,19.5,57.3,2.8,12.7,52,6.3,0,7378.81,380.25,3283.29,7.84,161.29,2704,39.69,0,633839.779,7414.875,188132.517,21.952,2048.383,140608,250.047,0,0
4,5,2,0,91.4,30.7,74.3,7.5,18.2,29,3.1,0,8353.96,942.49,5520.49,56.25,331.24,841,9.61,0,763551.944,28934.443,410172.407,421.875,6028.568,24389,29.791,0,0
4,5,7,1,90.2,99.6,631.2,6.3,21.4,33,3.1,0,8136.04,9920.16,398413.44,39.69,457.96,1089,9.61,0,733870.808,988047.936,251478563.328,250.047,9800.344,35937,29.791,0,0
4,5,8,1,92.5,88,698.6,7.1,20.3,45,3.1,0,8556.25,7744,488041.96,50.41,412.09,2025,9.61,0,791453.125,681472,340946113.256,357.911,8365.427,91125,29.791,0,0
4,5,8,0,88.6,91.8,709.9,7.1,17.4,56,5.4,0,7849.96,8427.24,503958.01,50.41,302.76,3136,29.16,0,695506.456,773620.632,357759791.299,357.911,5268.024,175616,157.464,0,0
4,4,2,0,85.9,19.5,57.3,2.8,13.7,43,5.8,0,7378.81,380.25,3283.29,7.84,187.69,1849,33.64,0,633839.779,7414.875,188132.517,21.952,2571.353,79507,195.112,0,0
3,4,2,0,91.7,33.3,77.5,9,18.8,18,4.5,0,8408.89,1108.89,6006.25,81,353.44,324,20.25,0,771095.213,36926.037,465484.375,729,6644.672,5832,91.125,0,0
3,4,8,1,89.7,90,704.4,4.8,22.8,39,3.6,0,8046.09,8100,496179.36,23.04,519.84,1521,12.96,0,721734.273,729000,349508741.184,110.592,11852.352,59319,46.656,0,0
3,4,8,0,91.8,78.5,724.3,9.2,18.9,35,2.7,0,8427.24,6162.25,524610.49,84.64,357.21,1225,7.29,0,773620.632,483736.625,379975377.907,778.688,6751.269,42875,19.683,0,0
3,4,2,0,88.1,25.7,67.6,3.8,15.8,27,7.6,0,7761.61,660.49,4569.76,14.44,249.64,729,57.76,0,683797.841,16974.593,308915.776,54.872,3944.312,19683,438.976,0,0
3,5,2,0,88.1,25.7,67.6,3.8,15.5,27,6.3,0,7761.61,660.49,4569.76,14.44,240.25,729,39.69,0,683797.841,16974.593,308915.776,54.872,3723.875,19683,250.047,0,0
3,4,2,1,91.7,35.8,80.8,7.8,11.6,30,6.3,0,8408.89,1281.64,6528.64,60.84,134.56,900,39.69,0,771095.213,45882.712,527514.112,474.552,1560.896,27000,250.047,0,0
3,4,2,1,91.7,35.8,80.8,7.8,15.2,27,4.9,0,8408.89,1281.64,6528.64,60.84,231.04,729,24.01,0,771095.213,45882.712,527514.112,474.552,3511.808,19683,117.649,0,0
3,4,2,0,90.1,39.7,86.6,6.2,10.6,30,4,0,8118.01,1576.09,7499.56,38.44,112.36,900,16,0,731432.701,62570.773,649461.896,238.328,1191.016,27000,64,0,0
3,4,7,0,93,75.3,466.6,7.7,19.6,36,3.1,0,8649,5670.09,217715.56,59.29,384.16,1296,9.61,0,804357,426957.777,101586080.296,456.533,7529.536,46656,29.791,0,0
3,4,7,0,91.5,145.4,608.2,10.7,10.3,74,2.2,0,8372.25,21141.16,369907.24,114.49,106.09,5476,4.84,0,766060.875,3073924.664,224977583.368,1225.043,1092.727,405224,10.648,0,0
3,4,7,0,91.5,145.4,608.2,10.7,17.1,43,5.4,0,8372.25,21141.16,369907.24,114.49,292.41,1849,29.16,0,766060.875,3073924.664,224977583.368,1225.043,5000.211,79507,157.464,0,0
3,4,8,1,92.4,124.1,680.7,8.5,22.5,42,5.4,0,8537.76,15400.81,463352.49,72.25,506.25,1764,29.16,0,788889.024,1911240.521,315404039.943,614.125,11390.625,74088,157.464,0,0
3,4,8,0,84.4,73.4,671.9,3.2,17.9,45,3.1,0,7123.36,5387.56,451449.61,10.24,320.41,2025,9.61,0,601211.584,395446.904,303328992.959,32.768,5735.339,91125,29.791,0,0
3,4,8,0,94.3,85.1,692.3,15.9,19.8,50,5.4,0,8892.49,7242.01,479279.29,252.81,392.04,2500,29.16,0,838561.807,616295.051,331805052.467,4019.679,7762.392,125000,157.464,0,0
3,4,9,1,92.6,46.5,691.8,8.8,20.6,24,5.4,0,8574.76,2162.25,478587.24,77.44,424.36,576,29.16,0,794022.776,100544.625,331086652.632,681.472,8741.816,13824,157.464,0,0
3,5,2,0,87.6,52.2,103.8,5,9,49,2.2,0,7673.76,2724.84,10774.44,25,81,2401,4.84,0,672221.376,142236.648,1118386.872,125,729,117649,10.648,0,0
3,5,8,0,93.5,149.3,728.6,8.1,17.2,43,3.1,0,8742.25,22290.49,530857.96,65.61,295.84,1849,9.61,0,817400.375,3327970.157,386783109.656,531.441,5088.448,79507,29.791,0,0
3,5,9,0,91.4,37.9,673.8,5.2,15.9,46,3.6,0,8353.96,1436.41,454006.44,27.04,252.81,2116,12.96,0,763551.944,54439.939,305909539.272,140.608,4019.679,97336,46.656,0,0
2,5,9,1,92.6,46.5,691.8,8.8,15.4,35,0.9,0,8574.76,2162.25,478587.24,77.44,237.16,1225,0.81,0,794022.776,100544.625,331086652.632,681.472,3652.264,42875,0.729,0,0
4,6,1,1,68.2,21.5,87.2,0.8,15.4,40,2.7,0,4651.24,462.25,7603.84,0.64,237.16,1600,7.29,0,317214.568,9938.375,663054.848,0.512,3652.264,64000,19.683,0,0
4,6,2,0,87.2,23.9,64.7,4.1,14,39,3.1,0,7603.84,571.21,4186.09,16.81,196,1521,9.61,0,663054.848,13651.919,270840.023,68.921,2744,59319,29.791,0,0
4,6,2,1,89.3,51.3,102.2,9.6,10.6,46,4.9,0,7974.49,2631.69,10444.84,92.16,112.36,2116,24.01,0,712121.957,135005.697,1067462.648,884.736,1191.016,97336,117.649,0,0
4,6,8,0,93.7,80.9,685.2,17.9,17.6,42,3.1,0,8779.69,6544.81,469499.04,320.41,309.76,1764,9.61,0,822656.953,529475.129,321700742.208,5735.339,5451.776,74088,29.791,0,0
3,5,2,0,88.1,25.7,67.6,3.8,14.9,38,2.7,0,7761.61,660.49,4569.76,14.44,222.01,1444,7.29,0,683797.841,16974.593,308915.776,54.872,3307.949,54872,19.683,0,0
3,5,7,1,93.5,139.4,594.2,20.3,17.6,52,5.8,0,8742.25,19432.36,353073.64,412.09,309.76,2704,33.64,0,817400.375,2708870.984,209796356.888,8365.427,5451.776,140608,195.112,0,0
3,6,8,1,92.4,124.1,680.7,8.5,17.2,58,1.3,0,8537.76,15400.81,463352.49,72.25,295.84,3364,1.69,0,788889.024,1911240.521,315404039.943,614.125,5088.448,195112,2.197,0,0
3,6,8,0,90.9,126.5,686.5,7,15.6,66,3.1,0,8262.81,16002.25,471282.25,49,243.36,4356,9.61,0,751089.429,2024284.625,323535264.625,343,3796.416,287496,29.791,0,0
9,9,6,0,85.8,48.3,313.4,3.9,18,42,2.7,0,7361.64,2332.89,98219.56,15.21,324,1764,7.29,0,631628.712,112678.587,30782010.104,59.319,5832,74088,19.683,0,0.36
1,4,8,0,91,129.5,692.6,7,21.7,38,2.2,0,8281,16770.25,479694.76,49,470.89,1444,4.84,0,753571,2171747.375,332236590.776,343,10218.313,54872,10.648,0,0.43
2,5,8,0,90.9,126.5,686.5,7,21.9,39,1.8,0,8262.81,16002.25,471282.25,49,479.61,1521,3.24,0,751089.429,2024284.625,323535264.625,343,10503.459,59319,5.832,0,0.47
1,2,7,0,95.5,99.9,513.3,13.2,23.3,31,4.5,0,9120.25,9980.01,263476.89,174.24,542.89,961,20.25,0,870983.875,997002.999,135242687.637,2299.968,12649.337,29791,91.125,0,0.55
8,6,7,0,90.1,108,529.8,12.5,21.2,51,8.9,0,8118.01,11664,280688.04,156.25,449.44,2601,79.21,0,731432.701,1259712,148708523.592,1953.125,9528.128,132651,704.969,0,0.61
1,2,6,1,90,51.3,296.3,8.7,16.6,53,5.4,0,8100,2631.69,87793.69,75.69,275.56,2809,29.16,0,729000,135005.697,26013270.347,658.503,4574.296,148877,157.464,0,0.71
2,5,7,0,95.5,99.9,513.3,13.2,23.8,32,5.4,0,9120.25,9980.01,263476.89,174.24,566.44,1024,29.16,0,870983.875,997002.999,135242687.637,2299.968,13481.272,32768,157.464,0,0.77
6,5,7,0,95.2,131.7,578.8,10.4,27.4,22,4,0,9063.04,17344.89,335009.44,108.16,750.76,484,16,0,862801.408,2284322.013,193903463.872,1124.864,20570.824,10648,64,0,0.9
5,4,2,0,90.1,39.7,86.6,6.2,13.2,40,5.4,0,8118.01,1576.09,7499.56,38.44,174.24,1600,29.16,0,731432.701,62570.773,649461.896,238.328,2299.968,64000,157.464,0,0.95
8,3,8,0,84.4,73.4,671.9,3.2,24.2,28,3.6,0,7123.36,5387.56,451449.61,10.24,585.64,784,12.96,0,601211.584,395446.904,303328992.959,32.768,14172.488,21952,46.656,0,0.96
2,2,7,0,94.8,108.3,647.1,17,17.4,43,6.7,0,8987.04,11728.89,418738.41,289,302.76,1849,44.89,0,851971.392,1270238.787,270965625.111,4913,5268.024,79507,300.763,0,1.07
8,6,8,0,93.7,80.9,685.2,17.9,23.7,25,4.5,0,8779.69,6544.81,469499.04,320.41,561.69,625,20.25,0,822656.953,529475.129,321700742.208,5735.339,13312.053,15625,91.125,0,1.12
6,5,5,0,92.5,56.4,433.3,7.1,23.2,39,5.4,0,8556.25,3180.96,187748.89,50.41,538.24,1521,29.16,0,791453.125,179406.144,81351594.037,357.911,12487.168,59319,157.464,0,1.19
9,9,6,1,90.1,68.6,355.2,7.2,24.8,29,2.2,0,8118.01,4705.96,126167.04,51.84,615.04,841,4.84,0,731432.701,322828.856,44814532.608,373.248,15252.992,24389,10.648,0,1.36
3,4,6,1,90.1,51.2,424.1,6.2,24.6,43,1.8,0,8118.01,2621.44,179860.81,38.44,605.16,1849,3.24,0,731432.701,134217.728,76278969.521,238.328,14886.936,79507,5.832,0,1.43
5,4,8,0,94.3,85.1,692.3,15.9,20.1,47,4.9,0,8892.49,7242.01,479279.29,252.81,404.01,2209,24.01,0,838561.807,616295.051,331805052.467,4019.679,8120.601,103823,117.649,0,1.46
1,5,8,1,93.4,145.4,721.4,8.1,29.6,27,2.7,0,8723.56,21141.16,520417.96,65.61,876.16,729,7.29,0,814780.504,3073924.664,375429516.344,531.441,25934.336,19683,19.683,0,1.46
7,4,7,1,94.8,108.3,647.1,17,16.4,47,1.3,0,8987.04,11728.89,418738.41,289,268.96,2209,1.69,0,851971.392,1270238.787,270965625.111,4913,4410.944,103823,2.197,0,1.56
2,4,8,1,93.4,145.4,721.4,8.1,28.6,27,2.2,0,8723.56,21141.16,520417.96,65.61,817.96,729,4.84,0,814780.504,3073924.664,375429516.344,531.441,23393.656,19683,10.648,0,1.61
2,2,7,0,92.1,111.2,654.1,9.6,18.4,45,3.6,0,8482.41,12365.44,427846.81,92.16,338.56,2025,12.96,0,781229.961,1375036.928,279854598.421,884.736,6229.504,91125,46.656,0,1.63
2,4,7,0,92.1,111.2,654.1,9.6,20.5,35,4,0,8482.41,12365.44,427846.81,92.16,420.25,1225,16,0,781229.961,1375036.928,279854598.421,884.736,8615.125,42875,64,0,1.64
7,4,8,0,92.4,117.9,668,12.2,19,34,5.8,0,8537.76,13900.41,446224,148.84,361,1156,33.64,0,788889.024,1638858.339,298077632,1815.848,6859,39304,195.112,0,1.69
7,4,2,0,90.1,39.7,86.6,6.2,16.1,29,3.1,0,8118.01,1576.09,7499.56,38.44,259.21,841,9.61,0,731432.701,62570.773,649461.896,238.328,4173.281,24389,29.791,0,1.75
6,4,7,0,95.2,131.7,578.8,10.4,20.3,41,4,0,9063.04,17344.89,335009.44,108.16,412.09,1681,16,0,862801.408,2284322.013,193903463.872,1124.864,8365.427,68921,64,0,1.9
6,3,2,1,90.6,50.1,100.4,7.8,15.2,31,8.5,0,8208.36,2510.01,10080.16,60.84,231.04,961,72.25,0,743677.416,125751.501,1012048.064,474.552,3511.808,29791,614.125,0,1.94
8,6,8,1,92.5,121.1,674.4,8.6,17.8,56,1.8,0,8556.25,14665.21,454815.36,73.96,316.84,3136,3.24,0,791453.125,1775956.931,306727478.784,636.056,5639.752,175616,5.832,0,1.95
8,5,8,1,89.7,90,704.4,4.8,17.8,67,2.2,0,8046.09,8100,496179.36,23.04,316.84,4489,4.84,0,721734.273,729000,349508741.184,110.592,5639.752,300763,10.648,0,2.01
6,5,2,0,84.9,18.2,55,3,5.3,70,4.5,0,7208.01,331.24,3025,9,28.09,4900,20.25,0,611960.049,6028.568,166375,27,148.877,343000,91.125,0,2.14
6,5,7,0,92.1,111.2,654.1,9.6,16.6,47,0.9,0,8482.41,12365.44,427846.81,92.16,275.56,2209,0.81,0,781229.961,1375036.928,279854598.421,884.736,4574.296,103823,0.729,0,2.29
6,5,7,0,96,127.1,570.5,16.5,23.4,33,4.5,0,9216,16154.41,325470.25,272.25,547.56,1089,20.25,0,884736,2053225.511,185680777.625,4492.125,12812.904,35937,91.125,0,2.51
6,5,2,0,91.2,48.3,97.8,12.5,14.6,26,9.4,0,8317.44,2332.89,9564.84,156.25,213.16,676,88.36,0,758550.528,112678.587,935441.352,1953.125,3112.136,17576,830.584,0,2.53
8,6,7,0,95.2,131.7,578.8,10.4,20.7,45,2.2,0,9063.04,17344.89,335009.44,108.16,428.49,2025,4.84,0,862801.408,2284322.013,193903463.872,1124.864,8869.743,91125,10.648,0,2.55
5,4,8,0,92.9,133.3,699.6,9.2,21.9,35,1.8,0,8630.41,17768.89,489440.16,84.64,479.61,1225,3.24,0,801765.089,2368593.037,342412335.936,778.688,10503.459,42875,5.832,0,2.57
8,6,7,0,85.6,90.4,609.6,6.6,17.4,50,4,0,7327.36,8172.16,371612.16,43.56,302.76,2500,16,0,627222.016,738763.264,226534772.736,287.496,5268.024,125000,64,0,2.69
7,4,7,1,91.4,142.4,601.4,10.6,20.1,39,5.4,0,8353.96,20277.76,361681.96,112.36,404.01,1521,29.16,0,763551.944,2887553.024,217515530.744,1191.016,8120.601,59319,157.464,0,2.74
4,4,8,0,90.9,126.5,686.5,7,17.7,39,2.2,0,8262.81,16002.25,471282.25,49,313.29,1521,4.84,0,751089.429,2024284.625,323535264.625,343,5545.233,59319,10.648,0,3.07
1,4,7,1,90.2,96.9,624.2,8.9,14.2,53,1.8,0,8136.04,9389.61,389625.64,79.21,201.64,2809,3.24,0,733870.808,909853.209,243204324.488,704.969,2863.288,148877,5.832,0,3.5
1,4,7,1,90.2,96.9,624.2,8.9,20.3,39,4.9,0,8136.04,9389.61,389625.64,79.21,412.09,1521,24.01,0,733870.808,909853.209,243204324.488,704.969,8365.427,59319,117.649,0,4.53
6,5,3,0,81.5,9.1,55.2,2.7,5.8,54,5.8,0,6642.25,82.81,3047.04,7.29,33.64,2916,33.64,0,541343.375,753.571,168196.608,19.683,195.112,157464,195.112,0,4.61
2,5,7,1,90.2,99.6,631.2,6.3,19.2,44,2.7,0,8136.04,9920.16,398413.44,39.69,368.64,1936,7.29,0,733870.808,988047.936,251478563.328,250.047,7077.888,85184,19.683,0,4.69
2,5,8,0,90.1,82.9,735.7,6.2,18.3,45,2.2,0,8118.01,6872.41,541254.49,38.44,334.89,2025,4.84,0,731432.701,569722.789,398200928.293,238.328,6128.487,91125,10.648,0,4.88
8,6,7,0,88.8,147.3,614.5,9,14.4,66,5.4,0,7885.44,21697.29,377610.25,81,207.36,4356,29.16,0,700227.072,3196010.817,232041498.625,729,2985.984,287496,157.464,0,5.23
1,3,8,1,92.4,124.1,680.7,8.5,23.9,32,6.7,0,8537.76,15400.81,463352.49,72.25,571.21,1024,44.89,0,788889.024,1911240.521,315404039.943,614.125,13651.919,32768,300.763,0,5.33
8,6,9,0,84.9,32.8,664.2,3,19.1,32,4,0,7208.01,1075.84,441161.64,9,364.81,1024,16,0,611960.049,35287.552,293019561.288,27,6967.871,32768,64,0,5.44
5,4,1,1,86.8,15.6,48.3,3.9,12.4,53,2.2,0,7534.24,243.36,2332.89,15.21,153.76,2809,4.84,0,653972.032,3796.416,112678.587,59.319,1906.624,148877,10.648,0,6.38
7,4,9,0,91.7,48.5,696.1,11.1,16.8,45,4.5,0,8408.89,2352.25,484555.21,123.21,282.24,2025,20.25,0,771095.213,114084.125,337298881.681,1367.631,4741.632,91125,91.125,0,6.83
8,6,7,0,93.9,135.7,586.7,15.1,20.8,34,4.9,0,8817.21,18414.49,344216.89,228.01,432.64,1156,24.01,0,827936.019,2498846.293,201952049.363,3442.951,8998.912,39304,117.649,0,6.96
2,5,8,0,91,129.5,692.6,7,17.6,46,3.1,0,8281,16770.25,479694.76,49,309.76,2116,9.61,0,753571,2171747.375,332236590.776,343,5451.776,97336,29.791,0,7.04
8,6,2,1,89.3,51.3,102.2,9.6,11.5,39,5.8,0,7974.49,2631.69,10444.84,92.16,132.25,1521,33.64,0,712121.957,135005.697,1067462.648,884.736,1520.875,59319,195.112,0,7.19
1,5,8,0,90.9,126.5,686.5,7,21,42,2.2,0,8262.81,16002.25,471282.25,49,441,1764,4.84,0,751089.429,2024284.625,323535264.625,343,9261,74088,10.648,0,7.3
6,4,2,1,90.8,41.9,89.4,7.9,13.3,42,0.9,0,8244.64,1755.61,7992.36,62.41,176.89,1764,0.81,0,748613.312,73560.059,714516.984,493.039,2352.637,74088,0.729,0,7.4
7,4,2,1,90.7,44,92.4,5.5,11.5,60,4,0,8226.49,1936,8537.76,30.25,132.25,3600,16,0,746142.643,85184,788889.024,166.375,1520.875,216000,64,0,8.24
6,5,2,0,91.2,48.3,97.8,12.5,11.7,33,4,0,8317.44,2332.89,9564.84,156.25,136.89,1089,16,0,758550.528,112678.587,935441.352,1953.125,1601.613,35937,64,0,8.31
2,5,7,0,95.2,131.7,578.8,10.4,24.2,28,2.7,0,9063.04,17344.89,335009.44,108.16,585.64,784,7.29,0,862801.408,2284322.013,193903463.872,1124.864,14172.488,21952,19.683,0,8.68
2,2,7,0,94.8,108.3,647.1,17,24.6,22,4.5,0,8987.04,11728.89,418738.41,289,605.16,484,20.25,0,851971.392,1270238.787,270965625.111,4913,14886.936,10648,91.125,0,8.71
4,5,8,0,92.9,133.3,699.6,9.2,24.3,25,4,0,8630.41,17768.89,489440.16,84.64,590.49,625,16,0,801765.089,2368593.037,342412335.936,778.688,14348.907,15625,64,0,9.41
2,2,7,0,94.8,108.3,647.1,17,24.6,22,4.5,0,8987.04,11728.89,418738.41,289,605.16,484,20.25,0,851971.392,1270238.787,270965625.111,4913,14886.936,10648,91.125,0,10.01
2,5,7,0,93.9,135.7,586.7,15.1,23.5,36,5.4,0,8817.21,18414.49,344216.89,228.01,552.25,1296,29.16,0,827936.019,2498846.293,201952049.363,3442.951,12977.875,46656,157.464,0,10.02
6,5,3,0,81.5,9.1,55.2,2.7,5.8,54,5.8,0,6642.25,82.81,3047.04,7.29,33.64,2916,33.64,0,541343.375,753.571,168196.608,19.683,195.112,157464,195.112,0,10.93
4,5,8,0,92.9,137,706.4,9.2,21.5,15,0.9,0,8630.41,18769,499000.96,84.64,462.25,225,0.81,0,801765.089,2571353,352494278.144,778.688,9938.375,3375,0.729,0,11.06
3,4,8,0,91,129.5,692.6,7,13.9,59,6.3,0,8281,16770.25,479694.76,49,193.21,3481,39.69,0,753571,2171747.375,332236590.776,343,2685.619,205379,250.047,0,11.24
2,4,8,0,63.5,70.8,665.3,0.8,22.6,38,3.6,0,4032.25,5012.64,442624.09,0.64,510.76,1444,12.96,0,256047.875,354894.912,294477807.077,0.512,11543.176,54872,46.656,0,11.32
1,5,8,0,91,129.5,692.6,7,21.6,33,2.2,0,8281,16770.25,479694.76,49,466.56,1089,4.84,0,753571,2171747.375,332236590.776,343,10077.696,35937,10.648,0,11.53
6,5,2,1,90.1,37.6,83.7,7.2,12.4,54,3.6,0,8118.01,1413.76,7005.69,51.84,153.76,2916,12.96,0,731432.701,53157.376,586376.253,373.248,1906.624,157464,46.656,0,12.1
7,4,1,1,83.9,8.7,32.1,2.1,8.8,68,2.2,0,7039.21,75.69,1030.41,4.41,77.44,4624,4.84,0,590589.719,658.503,33076.161,9.261,681.472,314432,10.648,0,13.05
8,6,9,0,91.4,37.9,673.8,5.2,20.2,37,2.7,0,8353.96,1436.41,454006.44,27.04,408.04,1369,7.29,0,763551.944,54439.939,305909539.272,140.608,8242.408,50653,19.683,0,13.7
5,6,2,1,90.6,50.1,100.4,7.8,15.1,64,4,0,8208.36,2510.01,10080.16,60.84,228.01,4096,16,0,743677.416,125751.501,1012048.064,474.552,3442.951,262144,64,0,13.99
4,5,8,0,92.9,137,706.4,9.2,22.1,34,1.8,0,8630.41,18769,499000.96,84.64,488.41,1156,3.24,0,801765.089,2571353,352494278.144,778.688,10793.861,39304,5.832,0,14.57
2,2,7,1,93.5,139.4,594.2,20.3,22.9,31,7.2,0,8742.25,19432.36,353073.64,412.09,524.41,961,51.84,0,817400.375,2708870.984,209796356.888,8365.427,12008.989,29791,373.248,0,15.45
7,5,8,0,91,129.5,692.6,7,20.7,37,2.2,0,8281,16770.25,479694.76,49,428.49,1369,4.84,0,753571,2171747.375,332236590.776,343,8869.743,50653,10.648,0,17.2
6,5,8,0,92.4,117.9,668,12.2,19.6,33,6.3,0,8537.76,13900.41,446224,148.84,384.16,1089,39.69,0,788889.024,1638858.339,298077632,1815.848,7529.536,35937,250.047,0,19.23
8,3,8,0,93.7,80.9,685.2,17.9,23.2,26,4.9,0,8779.69,6544.81,469499.04,320.41,538.24,676,24.01,0,822656.953,529475.129,321700742.208,5735.339,12487.168,17576,117.649,0,23.41
4,4,9,1,90.6,43.7,686.9,6.7,18.4,25,3.1,0,8208.36,1909.69,471831.61,44.89,338.56,625,9.61,0,743677.416,83453.453,324101132.909,300.763,6229.504,15625,29.791,0,24.23
7,4,7,1,93.5,139.4,594.2,20.3,5.1,96,5.8,0,8742.25,19432.36,353073.64,412.09,26.01,9216,33.64,0,817400.375,2708870.984,209796356.888,8365.427,132.651,884736,195.112,0,26
7,4,8,0,94.3,85.1,692.3,15.9,20.1,47,4.9,0,8892.49,7242.01,479279.29,252.81,404.01,2209,24.01,0,838561.807,616295.051,331805052.467,4019.679,8120.601,103823,117.649,0,26.13
7,3,2,0,87.6,52.2,103.8,5,11,46,5.8,0,7673.76,2724.84,10774.44,25,121,2116,33.64,0,672221.376,142236.648,1118386.872,125,1331,97336,195.112,0,27.35
4,4,2,1,91.7,35.8,80.8,7.8,17,27,4.9,0,8408.89,1281.64,6528.64,60.84,289,729,24.01,0,771095.213,45882.712,527514.112,474.552,4913,19683,117.649,0,28.66
4,4,2,1,91.7,35.8,80.8,7.8,17,27,4.9,0,8408.89,1281.64,6528.64,60.84,289,729,24.01,0,771095.213,45882.712,527514.112,474.552,4913,19683,117.649,0,28.66
4,4,8,1,92.4,124.1,680.7,8.5,16.9,60,1.3,0,8537.76,15400.81,463352.49,72.25,285.61,3600,1.69,0,788889.024,1911240.521,315404039.943,614.125,4826.809,216000,2.197,0,29.48
1,3,8,0,88.6,91.8,709.9,7.1,12.4,73,6.3,0,7849.96,8427.24,503958.01,50.41,153.76,5329,39.69,0,695506.456,773620.632,357759791.299,357.911,1906.624,389017,250.047,0,30.32
4,5,8,0,92.9,133.3,699.6,9.2,19.4,19,1.3,0,8630.41,17768.89,489440.16,84.64,376.36,361,1.69,0,801765.089,2368593.037,342412335.936,778.688,7301.384,6859,2.197,0,31.72
6,5,2,0,90.1,39.7,86.6,6.2,15.2,27,3.1,0,8118.01,1576.09,7499.56,38.44,231.04,729,9.61,0,731432.701,62570.773,649461.896,238.328,3511.808,19683,29.791,0,31.86
8,6,7,1,90.2,99.6,631.2,6.3,16.2,59,3.1,0,8136.04,9920.16,398413.44,39.69,262.44,3481,9.61,0,733870.808,988047.936,251478563.328,250.047,4251.528,205379,29.791,0,32.07
3,4,8,0,93.3,141.2,713.9,13.9,18.6,49,3.6,0,8704.89,19937.44,509653.21,193.21,345.96,2401,12.96,0,812166.237,2815166.528,363841426.619,2685.619,6434.856,117649,46.656,0,35.88
4,3,2,0,87.6,52.2,103.8,5,11,46,5.8,0,7673.76,2724.84,10774.44,25,121,2116,33.64,0,672221.376,142236.648,1118386.872,125,1331,97336,195.112,0,36.85
2,2,6,0,88.3,150.3,309.9,6.8,13.4,79,3.6,0,7796.89,22590.09,96038.01,46.24,179.56,6241,12.96,0,688465.387,3395290.527,29762179.299,314.432,2406.104,493039,46.656,0,37.02
7,4,8,0,90.1,82.9,735.7,6.2,15.4,57,4.5,0,8118.01,6872.41,541254.49,38.44,237.16,3249,20.25,0,731432.701,569722.789,398200928.293,238.328,3652.264,185193,91.125,0,37.71
4,4,8,1,93.5,149.3,728.6,8.1,22.9,39,4.9,0,8742.25,22290.49,530857.96,65.61,524.41,1521,24.01,0,817400.375,3327970.157,386783109.656,531.441,12008.989,59319,117.649,0,48.55
7,5,9,0,91.7,48.5,696.1,11.1,16.1,44,4,0,8408.89,2352.25,484555.21,123.21,259.21,1936,16,0,771095.213,114084.125,337298881.681,1367.631,4173.281,85184,64,0,49.37
8,6,7,1,92.2,81.8,480.8,11.9,20.1,34,4.5,0,8500.84,6691.24,231168.64,141.61,404.01,1156,20.25,0,783777.448,547343.432,111145882.112,1685.159,8120.601,39304,91.125,0,58.3
4,6,8,1,93.5,149.3,728.6,8.1,28.3,26,3.1,0,8742.25,22290.49,530857.96,65.61,800.89,676,9.61,0,817400.375,3327970.157,386783109.656,531.441,22665.187,17576,29.791,0,64.1
8,6,7,1,92.2,81.8,480.8,11.9,16.4,43,4,0,8500.84,6691.24,231168.64,141.61,268.96,1849,16,0,783777.448,547343.432,111145882.112,1685.159,4410.944,79507,64,0,71.3
4,4,8,0,92.9,133.3,699.6,9.2,26.4,21,4.5,0,8630.41,17768.89,489440.16,84.64,696.96,441,20.25,0,801765.089,2368593.037,342412335.936,778.688,18399.744,9261,91.125,0,88.49
1,5,8,1,93.5,149.3,728.6,8.1,27.8,27,3.1,0,8742.25,22290.49,530857.96,65.61,772.84,729,9.61,0,817400.375,3327970.157,386783109.656,531.441,21484.952,19683,29.791,0,95.18
6,4,8,0,91,129.5,692.6,7,18.7,43,2.7,0,8281,16770.25,479694.76,49,349.69,1849,7.29,0,753571,2171747.375,332236590.776,343,6539.203,79507,19.683,0,103.39
9,4,8,0,84.4,73.4,671.9,3.2,24.3,36,3.1,0,7123.36,5387.56,451449.61,10.24,590.49,1296,9.61,0,601211.584,395446.904,303328992.959,32.768,14348.907,46656,29.791,0,105.66
4,5,8,1,92.5,121.1,674.4,8.6,17.7,25,3.1,0,8556.25,14665.21,454815.36,73.96,313.29,625,9.61,0,791453.125,1775956.931,306727478.784,636.056,5545.233,15625,29.791,0,154.88
8,6,7,1,91.4,142.4,601.4,10.6,19.6,41,5.8,0,8353.96,20277.76,361681.96,112.36,384.16,1681,33.64,0,763551.944,2887553.024,217515530.744,1191.016,7529.536,68921,195.112,0,196.48
2,2,8,1,92.5,121.1,674.4,8.6,18.2,46,1.8,0,8556.25,14665.21,454815.36,73.96,331.24,2116,3.24,0,791453.125,1775956.931,306727478.784,636.056,6028.568,97336,5.832,0,200.94
1,2,8,0,91,129.5,692.6,7,18.8,40,2.2,0,8281,16770.25,479694.76,49,353.44,1600,4.84,0,753571,2171747.375,332236590.776,343,6644.672,64000,10.648,0,212.88
6,5,8,1,92.5,121.1,674.4,8.6,25.1,27,4,0,8556.25,14665.21,454815.36,73.96,630.01,729,16,0,791453.125,1775956.931,306727478.784,636.056,15813.251,19683,64,0,1090.84
7,5,3,1,81.9,3,7.9,3.5,13.4,75,1.8,0,6707.61,9,62.41,12.25,179.56,5625,3.24,0,549353.259,27,493.039,42.875,2406.104,421875,5.832,0,0
6,3,3,0,88,17.2,43.5,3.8,15.2,51,2.7,0,7744,295.84,1892.25,14.44,231.04,2601,7.29,0,681472,5088.448,82312.875,54.872,3511.808,132651,19.683,0,0
4,4,3,0,83,23.3,85.3,2.3,16.7,20,3.1,0,6889,542.89,7276.09,5.29,278.89,400,9.61,0,571787,12649.337,620650.477,12.167,4657.463,8000,29.791,0,0
2,4,7,1,94.2,122.3,589.9,12.9,15.4,66,4,0,8873.64,14957.29,347982.01,166.41,237.16,4356,16,0,835896.888,1829276.567,205274587.699,2146.689,3652.264,287496,64,0,10.13
7,4,7,1,91.8,175.1,700.7,13.8,21.9,73,7.6,1,8427.24,30660.01,490980.49,190.44,479.61,5329,57.76,1,773620.632,5368567.751,344030029.343,2628.072,10503.459,389017,438.976,1,0
2,4,7,1,91.8,175.1,700.7,13.8,22.4,54,7.6,0,8427.24,30660.01,490980.49,190.44,501.76,2916,57.76,0,773620.632,5368567.751,344030029.343,2628.072,11239.424,157464,438.976,0,2.87
3,4,7,1,91.8,175.1,700.7,13.8,26.8,38,6.3,0,8427.24,30660.01,490980.49,190.44,718.24,1444,39.69,0,773620.632,5368567.751,344030029.343,2628.072,19248.832,54872,250.047,0,0.76
5,4,7,1,91.8,175.1,700.7,13.8,25.7,39,5.4,0,8427.24,30660.01,490980.49,190.44,660.49,1521,29.16,0,773620.632,5368567.751,344030029.343,2628.072,16974.593,59319,157.464,0,0.09
2,4,7,0,92.2,91.6,503.6,9.6,20.7,70,2.2,0,8500.84,8390.56,253612.96,92.16,428.49,4900,4.84,0,783777.448,768575.296,127719486.656,884.736,8869.743,343000,10.648,0,0.75
8,6,7,0,93.1,157.3,666.7,13.5,28.7,28,2.7,0,8667.61,24743.29,444488.89,182.25,823.69,784,7.29,0,806954.491,3892119.517,296340742.963,2460.375,23639.903,21952,19.683,0,0
3,4,7,0,93.1,157.3,666.7,13.5,21.7,40,0.4,0,8667.61,24743.29,444488.89,182.25,470.89,1600,0.16,0,806954.491,3892119.517,296340742.963,2460.375,10218.313,64000,0.064,0,2.47
8,5,7,0,93.1,157.3,666.7,13.5,26.8,25,3.1,0,8667.61,24743.29,444488.89,182.25,718.24,625,9.61,0,806954.491,3892119.517,296340742.963,2460.375,19248.832,15625,29.791,0,0.68
8,5,7,0,93.1,157.3,666.7,13.5,24,36,3.1,0,8667.61,24743.29,444488.89,182.25,576,1296,9.61,0,806954.491,3892119.517,296340742.963,2460.375,13824,46656,29.791,0,0.24
6,5,7,0,93.1,157.3,666.7,13.5,22.1,37,3.6,0,8667.61,24743.29,444488.89,182.25,488.41,1369,12.96,0,806954.491,3892119.517,296340742.963,2460.375,10793.861,50653,46.656,0,0.21
7,4,7,0,91.9,109.2,565.5,8,21.4,38,2.7,0,8445.61,11924.64,319790.25,64,457.96,1444,7.29,0,776151.559,1302170.688,180841386.375,512,9800.344,54872,19.683,0,1.52
6,3,7,0,91.6,138.1,621.7,6.3,18.9,41,3.1,0,8390.56,19071.61,386510.89,39.69,357.21,1681,9.61,0,768575.296,2633789.341,240293820.313,250.047,6751.269,68921,29.791,0,10.34
2,5,7,0,87.5,77,694.8,5,22.3,46,4,0,7656.25,5929,482747.04,25,497.29,2116,16,0,669921.875,456533,335412643.392,125,11089.567,97336,64,0,0
8,6,7,1,94.2,117.2,581.1,11,23.9,41,2.2,0,8873.64,13735.84,337677.21,121,571.21,1681,4.84,0,835896.888,1609840.448,196224226.731,1331,13651.919,68921,10.648,0,8.02
4,3,7,1,94.2,117.2,581.1,11,21.4,44,2.7,0,8873.64,13735.84,337677.21,121,457.96,1936,7.29,0,835896.888,1609840.448,196224226.731,1331,9800.344,85184,19.683,0,0.68
3,4,7,1,91.8,170.9,692.3,13.7,20.6,59,0.9,0,8427.24,29206.81,479279.29,187.69,424.36,3481,0.81,0,773620.632,4991443.829,331805052.467,2571.353,8741.816,205379,0.729,0,0
7,4,7,1,91.8,170.9,692.3,13.7,23.7,40,1.8,0,8427.24,29206.81,479279.29,187.69,561.69,1600,3.24,0,773620.632,4991443.829,331805052.467,2571.353,13312.053,64000,5.832,0,1.38
2,4,7,0,93.6,97.9,542,14.4,28.3,32,4,0,8760.96,9584.41,293764,207.36,800.89,1024,16,0,820025.856,938313.739,159220088,2985.984,22665.187,32768,64,0,8.85
3,4,7,0,91.6,112.4,573,8.9,11.2,84,7.6,0,8390.56,12633.76,328329,79.21,125.44,7056,57.76,0,768575.296,1420034.624,188132517,704.969,1404.928,592704,438.976,0,3.3
2,4,7,0,91.6,112.4,573,8.9,21.4,42,3.1,0,8390.56,12633.76,328329,79.21,457.96,1764,9.61,0,768575.296,1420034.624,188132517,704.969,9800.344,74088,29.791,0,4.25
6,3,7,0,91.1,141.1,629.1,7.1,19.3,39,3.6,0,8299.21,19909.21,395766.81,50.41,372.49,1521,12.96,0,756058.031,2809189.531,248976900.171,357.911,7189.057,59319,46.656,0,1.56
4,4,7,0,94.3,167.6,684.4,13,21.8,53,3.1,0,8892.49,28089.76,468403.36,169,475.24,2809,9.61,0,838561.807,4707843.776,320575259.584,2197,10360.232,148877,29.791,0,6.54
4,4,7,0,93.7,102.2,550.3,14.6,22.1,54,7.6,0,8779.69,10444.84,302830.09,213.16,488.41,2916,57.76,0,822656.953,1067462.648,166647398.527,3112.136,10793.861,157464,438.976,0,0.79
6,5,7,0,94.3,131.7,607.1,22.7,19.4,55,4,0,8892.49,17344.89,368570.41,515.29,376.36,3025,16,0,838561.807,2284322.013,223759095.911,11697.083,7301.384,166375,64,0,0.17
2,2,7,0,92.1,152.6,658.2,14.3,23.7,24,3.1,0,8482.41,23286.76,433227.24,204.49,561.69,576,9.61,0,781229.961,3553559.576,285150169.368,2924.207,13312.053,13824,29.791,0,0
3,4,7,0,92.1,152.6,658.2,14.3,21,32,3.1,0,8482.41,23286.76,433227.24,204.49,441,1024,9.61,0,781229.961,3553559.576,285150169.368,2924.207,9261,32768,29.791,0,0
4,4,7,0,92.1,152.6,658.2,14.3,19.1,53,2.7,0,8482.41,23286.76,433227.24,204.49,364.81,2809,7.29,0,781229.961,3553559.576,285150169.368,2924.207,6967.871,148877,19.683,0,4.4
2,2,7,0,92.1,152.6,658.2,14.3,21.8,56,3.1,0,8482.41,23286.76,433227.24,204.49,475.24,3136,9.61,0,781229.961,3553559.576,285150169.368,2924.207,10360.232,175616,29.791,0,0.52
8,6,7,0,92.1,152.6,658.2,14.3,20.1,58,4.5,0,8482.41,23286.76,433227.24,204.49,404.01,3364,20.25,0,781229.961,3553559.576,285150169.368,2924.207,8120.601,195112,91.125,0,9.27
2,5,7,0,92.1,152.6,658.2,14.3,20.2,47,4,0,8482.41,23286.76,433227.24,204.49,408.04,2209,16,0,781229.961,3553559.576,285150169.368,2924.207,8242.408,103823,64,0,3.09
4,6,11,1,84.4,27.2,353.5,6.8,4.8,57,8.5,0,7123.36,739.84,124962.25,46.24,23.04,3249,72.25,0,601211.584,20123.648,44174155.375,314.432,110.592,185193,614.125,0,8.98
8,6,11,0,84,27.8,354.6,5.3,5.1,61,8,0,7056,772.84,125741.16,28.09,26.01,3721,64,0,592704,21484.952,44587815.336,148.877,132.651,226981,512,0,11.19
4,6,11,0,84.6,26.4,352,2,5.1,61,4.9,0,7157.16,696.96,123904,4,26.01,3721,24.01,0,605495.736,18399.744,43614208,8,132.651,226981,117.649,0,5.38
4,4,11,0,85.4,25.4,349.7,2.6,4.6,21,8.5,0,7293.16,645.16,122290.09,6.76,21.16,441,72.25,0,622835.864,16387.064,42764844.473,17.576,97.336,9261,614.125,0,17.85
3,4,11,0,85.4,25.4,349.7,2.6,4.6,21,8.5,0,7293.16,645.16,122290.09,6.76,21.16,441,72.25,0,622835.864,16387.064,42764844.473,17.576,97.336,9261,614.125,0,10.73
4,4,11,0,85.4,25.4,349.7,2.6,4.6,21,8.5,0,7293.16,645.16,122290.09,6.76,21.16,441,72.25,0,622835.864,16387.064,42764844.473,17.576,97.336,9261,614.125,0,22.03
4,4,11,0,85.4,25.4,349.7,2.6,4.6,21,8.5,0,7293.16,645.16,122290.09,6.76,21.16,441,72.25,0,622835.864,16387.064,42764844.473,17.576,97.336,9261,614.125,0,9.77
4,6,11,0,84.7,26.7,352.6,4.1,2.2,59,4.9,0,7174.09,712.89,124326.76,16.81,4.84,3481,24.01,0,607645.423,19034.163,43837615.576,68.921,10.648,205379,117.649,0,9.27
6,5,11,0,85.4,25.4,349.7,2.6,5.1,24,8.5,0,7293.16,645.16,122290.09,6.76,26.01,576,72.25,0,622835.864,16387.064,42764844.473,17.576,132.651,13824,614.125,0,24.77
6,3,1,1,84.9,27.5,353.5,3.4,4.2,51,4,0,7208.01,756.25,124962.25,11.56,17.64,2601,16,0,611960.049,20796.875,44174155.375,39.304,74.088,132651,64,0,0
3,4,1,0,86.9,6.6,18.7,3.2,8.8,35,3.1,0,7551.61,43.56,349.69,10.24,77.44,1225,9.61,0,656234.909,287.496,6539.203,32.768,681.472,42875,29.791,0,1.1
5,4,1,0,85.2,4.9,15.8,6.3,7.5,46,8,0,7259.04,24.01,249.64,39.69,56.25,2116,64,0,618470.208,117.649,3944.312,250.047,421.875,97336,512,0,24.24
2,5,6,1,93.9,169.7,411.8,12.3,23.4,40,6.3,0,8817.21,28798.09,169579.24,151.29,547.56,1600,39.69,0,827936.019,4887035.873,69832731.032,1860.867,12812.904,64000,250.047,0,0
7,6,6,0,91.2,183.1,437.7,12.5,12.6,90,7.6,0.2,8317.44,33525.61,191581.29,156.25,158.76,8100,57.76,0.04,758550.528,6138539.191,83855130.633,1953.125,2000.376,729000,438.976,0.008,0
7,4,6,1,91.6,104.2,474.9,9,22.1,49,2.7,0,8390.56,10857.64,225530.01,81,488.41,2401,7.29,0,768575.296,1131366.088,107104201.749,729,10793.861,117649,19.683,0,0
7,4,6,1,91.6,104.2,474.9,9,24.2,32,1.8,0,8390.56,10857.64,225530.01,81,585.64,1024,3.24,0,768575.296,1131366.088,107104201.749,729,14172.488,32768,5.832,0,0
7,4,6,1,91.6,104.2,474.9,9,24.3,30,1.8,0,8390.56,10857.64,225530.01,81,590.49,900,3.24,0,768575.296,1131366.088,107104201.749,729,14348.907,27000,5.832,0,0
2,5,6,1,91.6,104.2,474.9,9,18.7,53,1.8,0,8390.56,10857.64,225530.01,81,349.69,2809,3.24,0,768575.296,1131366.088,107104201.749,729,6539.203,148877,5.832,0,0
9,4,6,1,91.6,104.2,474.9,9,25.3,39,0.9,0,8390.56,10857.64,225530.01,81,640.09,1521,0.81,0,768575.296,1131366.088,107104201.749,729,16194.277,59319,0.729,0,8
4,5,6,0,91.6,100.2,466.3,6.3,22.9,40,1.3,0,8390.56,10040.04,217435.69,39.69,524.41,1600,1.69,0,768575.296,1006012.008,101390262.247,250.047,12008.989,64000,2.197,0,2.64
7,6,6,0,93.1,180.4,430.8,11,26.9,28,5.4,0,8667.61,32544.16,185588.64,121,723.61,784,29.16,0,806954.491,5870966.464,79951586.112,1331,19465.109,21952,157.464,0,86.45
8,6,6,0,92.3,88.8,440.9,8.5,17.1,67,3.6,0,8519.29,7885.44,194392.81,72.25,292.41,4489,12.96,0,786330.467,700227.072,85707789.929,614.125,5000.211,300763,46.656,0,6.57
7,5,5,1,93.1,180.4,430.8,11,22.2,48,1.3,0,8667.61,32544.16,185588.64,121,492.84,2304,1.69,0,806954.491,5870966.464,79951586.112,1331,10941.048,110592,2.197,0,0
6,4,5,1,90.4,89.5,290.8,6.4,14.3,46,1.8,0,8172.16,8010.25,84564.64,40.96,204.49,2116,3.24,0,738763.264,716917.375,24591397.312,262.144,2924.207,97336,5.832,0,0.9
8,6,5,1,90.4,89.5,290.8,6.4,15.4,45,2.2,0,8172.16,8010.25,84564.64,40.96,237.16,2025,4.84,0,738763.264,716917.375,24591397.312,262.144,3652.264,91125,10.648,0,0
8,6,5,0,91.2,147.8,377.2,12.7,19.6,43,4.9,0,8317.44,21844.84,142279.84,161.29,384.16,1849,24.01,0,758550.528,3228667.352,53667955.648,2048.383,7529.536,79507,117.649,0,0
6,5,5,1,53.4,71,233.8,0.4,10.6,90,2.7,0,2851.56,5041,54662.44,0.16,112.36,8100,7.29,0,152273.304,357911,12780078.472,0.064,1191.016,729000,19.683,0,0
6,5,5,0,90.4,93.3,298.1,7.5,20.7,25,4.9,0,8172.16,8704.89,88863.61,56.25,428.49,625,24.01,0,738763.264,812166.237,26490242.141,421.875,8869.743,15625,117.649,0,0
6,5,5,0,90.4,93.3,298.1,7.5,19.1,39,5.4,0,8172.16,8704.89,88863.61,56.25,364.81,1521,29.16,0,738763.264,812166.237,26490242.141,421.875,6967.871,59319,157.464,0,3.52
3,6,5,0,91.1,94.1,232.1,7.1,19.2,38,4.5,0,8299.21,8854.81,53870.41,50.41,368.64,1444,20.25,0,756058.031,833237.621,12503322.161,357.911,7077.888,54872,91.125,0,0
3,6,5,0,91.1,94.1,232.1,7.1,19.2,38,4.5,0,8299.21,8854.81,53870.41,50.41,368.64,1444,20.25,0,756058.031,833237.621,12503322.161,357.911,7077.888,54872,91.125,0,0
6,5,4,1,85.1,28,113.8,3.5,11.3,94,4.9,0,7242.01,784,12950.44,12.25,127.69,8836,24.01,0,616295.051,21952,1473760.072,42.875,1442.897,830584,117.649,0,0
1,4,8,1,89.6,84.1,714.3,5.7,19,52,2.2,0,8028.16,7072.81,510224.49,32.49,361,2704,4.84,0,719323.136,594823.321,364453353.207,185.193,6859,140608,10.648,0,0
7,4,8,1,89.6,84.1,714.3,5.7,17.1,53,5.4,0,8028.16,7072.81,510224.49,32.49,292.41,2809,29.16,0,719323.136,594823.321,364453353.207,185.193,5000.211,148877,157.464,0,0.41
3,4,8,1,89.6,84.1,714.3,5.7,23.8,35,3.6,0,8028.16,7072.81,510224.49,32.49,566.44,1225,12.96,0,719323.136,594823.321,364453353.207,185.193,13481.272,42875,46.656,0,5.18
2,4,8,1,92.4,105.8,758.1,9.9,16,45,1.8,0,8537.76,11193.64,574715.61,98.01,256,2025,3.24,0,788889.024,1184287.112,435691903.941,970.299,4096,91125,5.832,0,0
2,4,8,1,92.4,105.8,758.1,9.9,24.9,27,2.2,0,8537.76,11193.64,574715.61,98.01,620.01,729,4.84,0,788889.024,1184287.112,435691903.941,970.299,15438.249,19683,10.648,0,0
7,4,8,1,92.4,105.8,758.1,9.9,25.3,27,2.7,0,8537.76,11193.64,574715.61,98.01,640.09,729,7.29,0,788889.024,1184287.112,435691903.941,970.299,16194.277,19683,19.683,0,0
6,3,8,1,92.4,105.8,758.1,9.9,24.8,28,1.8,0,8537.76,11193.64,574715.61,98.01,615.04,784,3.24,0,788889.024,1184287.112,435691903.941,970.299,15252.992,21952,5.832,0,14.29
2,4,8,1,50.4,46.2,706.6,0.4,12.2,78,6.3,0,2540.16,2134.44,499283.56,0.16,148.84,6084,39.69,0,128024.064,98611.128,352793763.496,0.064,1815.848,474552,250.047,0,0
6,5,8,0,92.6,115.4,777.1,8.8,24.3,27,4.9,0,8574.76,13317.16,603884.41,77.44,590.49,729,24.01,0,794022.776,1536800.264,469278575.011,681.472,14348.907,19683,117.649,0,0
4,4,8,0,92.6,115.4,777.1,8.8,19.7,41,1.8,0,8574.76,13317.16,603884.41,77.44,388.09,1681,3.24,0,794022.776,1536800.264,469278575.011,681.472,7645.373,68921,5.832,0,1.58
3,4,8,0,91.2,134.7,817.5,7.2,18.5,30,2.7,0,8317.44,18144.09,668306.25,51.84,342.25,900,7.29,0,758550.528,2444008.923,546340359.375,373.248,6331.625,27000,19.683,0,0
4,5,8,0,92.4,96.2,739.4,8.6,18.6,24,5.8,0,8537.76,9254.44,546712.36,73.96,345.96,576,33.64,0,788889.024,890277.128,404239118.984,636.056,6434.856,13824,195.112,0,0
4,4,8,0,92.4,96.2,739.4,8.6,19.2,24,4.9,0,8537.76,9254.44,546712.36,73.96,368.64,576,24.01,0,788889.024,890277.128,404239118.984,636.056,7077.888,13824,117.649,0,3.78
6,5,8,0,92.8,119,783.5,7.5,21.6,27,2.2,0,8611.84,14161,613872.25,56.25,466.56,729,4.84,0,799178.752,1685159,480968907.875,421.875,10077.696,19683,10.648,0,0
5,4,8,0,92.8,119,783.5,7.5,21.6,28,6.3,0,8611.84,14161,613872.25,56.25,466.56,784,39.69,0,799178.752,1685159,480968907.875,421.875,10077.696,21952,250.047,0,4.41
6,3,8,0,92.8,119,783.5,7.5,18.9,34,7.2,0,8611.84,14161,613872.25,56.25,357.21,1156,51.84,0,799178.752,1685159,480968907.875,421.875,6751.269,39304,373.248,0,34.36
1,4,8,0,92.8,119,783.5,7.5,16.8,28,4,0,8611.84,14161,613872.25,56.25,282.24,784,16,0,799178.752,1685159,480968907.875,421.875,4741.632,21952,64,0,7.21
6,5,8,0,92.8,119,783.5,7.5,16.8,28,4,0,8611.84,14161,613872.25,56.25,282.24,784,16,0,799178.752,1685159,480968907.875,421.875,4741.632,21952,64,0,1.01
3,5,8,0,90.7,136.9,822.8,6.8,12.9,39,2.7,0,8226.49,18741.61,676999.84,46.24,166.41,1521,7.29,0,746142.643,2565726.409,557035468.352,314.432,2146.689,59319,19.683,0,2.18
6,5,8,0,88.1,53.3,726.9,5.4,13.7,56,1.8,0,7761.61,2840.89,528383.61,29.16,187.69,3136,3.24,0,683797.841,151419.437,384082046.109,157.464,2571.353,175616,5.832,0,4.42
1,4,8,1,92.2,102.3,751.5,8.4,24.2,27,3.1,0,8500.84,10465.29,564752.25,70.56,585.64,729,9.61,0,783777.448,1070599.167,424411315.875,592.704,14172.488,19683,29.791,0,0
5,4,8,1,92.2,102.3,751.5,8.4,24.1,27,3.1,0,8500.84,10465.29,564752.25,70.56,580.81,729,9.61,0,783777.448,1070599.167,424411315.875,592.704,13997.521,19683,29.791,0,0
6,5,8,1,92.2,102.3,751.5,8.4,21.2,32,2.2,0,8500.84,10465.29,564752.25,70.56,449.44,1024,4.84,0,783777.448,1070599.167,424411315.875,592.704,9528.128,32768,10.648,0,0
6,5,8,1,92.2,102.3,751.5,8.4,19.7,35,1.8,0,8500.84,10465.29,564752.25,70.56,388.09,1225,3.24,0,783777.448,1070599.167,424411315.875,592.704,7645.373,42875,5.832,0,0
4,3,8,1,92.2,102.3,751.5,8.4,23.5,27,4,0,8500.84,10465.29,564752.25,70.56,552.25,729,16,0,783777.448,1070599.167,424411315.875,592.704,12977.875,19683,64,0,3.33
3,3,8,1,92.2,102.3,751.5,8.4,24.2,27,3.1,0,8500.84,10465.29,564752.25,70.56,585.64,729,9.61,0,783777.448,1070599.167,424411315.875,592.704,14172.488,19683,29.791,0,6.58
7,4,8,1,91.2,124.4,795.3,8.5,21.5,28,4.5,0,8317.44,15475.36,632502.09,72.25,462.25,784,20.25,0,758550.528,1925134.784,503028912.177,614.125,9938.375,21952,91.125,0,15.64
4,4,8,1,91.2,124.4,795.3,8.5,17.1,41,2.2,0,8317.44,15475.36,632502.09,72.25,292.41,1681,4.84,0,758550.528,1925134.784,503028912.177,614.125,5000.211,68921,10.648,0,11.22
1,4,8,0,92.1,87.7,721.1,9.5,18.1,54,3.1,0,8482.41,7691.29,519985.21,90.25,327.61,2916,9.61,0,781229.961,674526.133,374961334.931,857.375,5929.741,157464,29.791,0,2.13
2,3,8,0,91.6,108.4,764,6.2,18,51,5.4,0,8390.56,11750.56,583696,38.44,324,2601,29.16,0,768575.296,1273760.704,445943744,238.328,5832,132651,157.464,0,0
4,3,8,0,91.6,108.4,764,6.2,9.8,86,1.8,0,8390.56,11750.56,583696,38.44,96.04,7396,3.24,0,768575.296,1273760.704,445943744,238.328,941.192,636056,5.832,0,0
7,4,8,0,91.6,108.4,764,6.2,19.3,44,2.2,0,8390.56,11750.56,583696,38.44,372.49,1936,4.84,0,768575.296,1273760.704,445943744,238.328,7189.057,85184,10.648,0,0
6,3,8,0,91.6,108.4,764,6.2,23,34,2.2,0,8390.56,11750.56,583696,38.44,529,1156,4.84,0,768575.296,1273760.704,445943744,238.328,12167,39304,10.648,0,56.04
8,6,8,0,91.6,108.4,764,6.2,22.7,35,2.2,0,8390.56,11750.56,583696,38.44,515.29,1225,4.84,0,768575.296,1273760.704,445943744,238.328,11697.083,42875,10.648,0,7.48
2,4,8,0,91.6,108.4,764,6.2,20.4,41,1.8,0,8390.56,11750.56,583696,38.44,416.16,1681,3.24,0,768575.296,1273760.704,445943744,238.328,8489.664,68921,5.832,0,1.47
2,5,8,0,91.6,108.4,764,6.2,19.3,44,2.2,0,8390.56,11750.56,583696,38.44,372.49,1936,4.84,0,768575.296,1273760.704,445943744,238.328,7189.057,85184,10.648,0,3.93
8,6,8,0,91.9,111.7,770.3,6.5,15.7,51,2.2,0,8445.61,12476.89,593362.09,42.25,246.49,2601,4.84,0,776151.559,1393668.613,457066817.927,274.625,3869.893,132651,10.648,0,0
6,3,8,0,91.5,130.1,807.1,7.5,20.6,37,1.8,0,8372.25,16926.01,651410.41,56.25,424.36,1369,3.24,0,766060.875,2202073.901,525753341.911,421.875,8741.816,50653,5.832,0,0
8,6,8,0,91.5,130.1,807.1,7.5,15.9,51,4.5,0,8372.25,16926.01,651410.41,56.25,252.81,2601,20.25,0,766060.875,2202073.901,525753341.911,421.875,4019.679,132651,91.125,0,2.18
6,3,8,0,91.5,130.1,807.1,7.5,12.2,66,4.9,0,8372.25,16926.01,651410.41,56.25,148.84,4356,24.01,0,766060.875,2202073.901,525753341.911,421.875,1815.848,287496,117.649,0,6.1
2,2,8,0,91.5,130.1,807.1,7.5,16.8,43,3.1,0,8372.25,16926.01,651410.41,56.25,282.24,1849,9.61,0,766060.875,2202073.901,525753341.911,421.875,4741.632,79507,29.791,0,5.83
1,4,8,0,91.5,130.1,807.1,7.5,21.3,35,2.2,0,8372.25,16926.01,651410.41,56.25,453.69,1225,4.84,0,766060.875,2202073.901,525753341.911,421.875,9663.597,42875,10.648,0,28.19
5,4,8,0,92.1,99,745.3,9.6,10.1,75,3.6,0,8482.41,9801,555472.09,92.16,102.01,5625,12.96,0,781229.961,970299,413993348.677,884.736,1030.301,421875,46.656,0,0
3,4,8,0,92.1,99,745.3,9.6,17.4,57,4.5,0,8482.41,9801,555472.09,92.16,302.76,3249,20.25,0,781229.961,970299,413993348.677,884.736,5268.024,185193,91.125,0,0
5,4,8,0,92.1,99,745.3,9.6,12.8,64,3.6,0,8482.41,9801,555472.09,92.16,163.84,4096,12.96,0,781229.961,970299,413993348.677,884.736,2097.152,262144,46.656,0,1.64
5,4,8,0,92.1,99,745.3,9.6,10.1,75,3.6,0,8482.41,9801,555472.09,92.16,102.01,5625,12.96,0,781229.961,970299,413993348.677,884.736,1030.301,421875,46.656,0,3.71
4,4,8,0,92.1,99,745.3,9.6,15.4,53,6.3,0,8482.41,9801,555472.09,92.16,237.16,2809,39.69,0,781229.961,970299,413993348.677,884.736,3652.264,148877,250.047,0,7.31
7,4,8,0,92.1,99,745.3,9.6,20.6,43,3.6,0,8482.41,9801,555472.09,92.16,424.36,1849,12.96,0,781229.961,970299,413993348.677,884.736,8741.816,79507,46.656,0,2.03
7,4,8,0,92.1,99,745.3,9.6,19.8,47,2.7,0,8482.41,9801,555472.09,92.16,392.04,2209,7.29,0,781229.961,970299,413993348.677,884.736,7762.392,103823,19.683,0,1.72
7,4,8,0,92.1,99,745.3,9.6,18.7,50,2.2,0,8482.41,9801,555472.09,92.16,349.69,2500,4.84,0,781229.961,970299,413993348.677,884.736,6539.203,125000,10.648,0,5.97
4,4,8,0,92.1,99,745.3,9.6,20.8,35,4.9,0,8482.41,9801,555472.09,92.16,432.64,1225,24.01,0,781229.961,970299,413993348.677,884.736,8998.912,42875,117.649,0,13.06
4,4,8,0,92.1,99,745.3,9.6,20.8,35,4.9,0,8482.41,9801,555472.09,92.16,432.64,1225,24.01,0,781229.961,970299,413993348.677,884.736,8998.912,42875,117.649,0,1.26
6,3,8,0,92.5,122,789.7,10.2,15.9,55,3.6,0,8556.25,14884,623626.09,104.04,252.81,3025,12.96,0,791453.125,1815848,492477523.273,1061.208,4019.679,166375,46.656,0,0
6,3,8,0,92.5,122,789.7,10.2,19.7,39,2.7,0,8556.25,14884,623626.09,104.04,388.09,1521,7.29,0,791453.125,1815848,492477523.273,1061.208,7645.373,59319,19.683,0,0
1,4,8,0,92.5,122,789.7,10.2,21.1,39,2.2,0,8556.25,14884,623626.09,104.04,445.21,1521,4.84,0,791453.125,1815848,492477523.273,1061.208,9393.931,59319,10.648,0,8.12
6,5,8,0,92.5,122,789.7,10.2,18.4,42,2.2,0,8556.25,14884,623626.09,104.04,338.56,1764,4.84,0,791453.125,1815848,492477523.273,1061.208,6229.504,74088,10.648,0,1.09
4,3,8,0,92.5,122,789.7,10.2,17.3,45,4,0,8556.25,14884,623626.09,104.04,299.29,2025,16,0,791453.125,1815848,492477523.273,1061.208,5177.717,91125,64,0,3.94
7,4,8,0,88.2,55.2,732.3,11.6,15.2,64,3.1,0,7779.24,3047.04,536263.29,134.56,231.04,4096,9.61,0,686128.968,168196.608,392705607.267,1560.896,3511.808,262144,29.791,0,0.52
4,3,8,0,91.9,111.7,770.3,6.5,15.9,53,2.2,0,8445.61,12476.89,593362.09,42.25,252.81,2809,4.84,0,776151.559,1393668.613,457066817.927,274.625,4019.679,148877,10.648,0,2.93
6,5,8,0,91.9,111.7,770.3,6.5,21.1,35,2.7,0,8445.61,12476.89,593362.09,42.25,445.21,1225,7.29,0,776151.559,1393668.613,457066817.927,274.625,9393.931,42875,19.683,0,5.65
6,5,8,0,91.9,111.7,770.3,6.5,19.6,45,3.1,0,8445.61,12476.89,593362.09,42.25,384.16,2025,9.61,0,776151.559,1393668.613,457066817.927,274.625,7529.536,91125,29.791,0,20.03
4,5,8,0,91.1,132.3,812.1,12.5,15.9,38,5.4,0,8299.21,17503.29,659506.41,156.25,252.81,1444,29.16,0,756058.031,2315685.267,535585155.561,1953.125,4019.679,54872,157.464,0,1.75
4,5,8,0,91.1,132.3,812.1,12.5,16.4,27,3.6,0,8299.21,17503.29,659506.41,156.25,268.96,729,12.96,0,756058.031,2315685.267,535585155.561,1953.125,4410.944,19683,46.656,0,0
6,5,8,1,91.2,94.3,744.4,8.4,16.8,47,4.9,0,8317.44,8892.49,554131.36,70.56,282.24,2209,24.01,0,758550.528,838561.807,412495384.384,592.704,4741.632,103823,117.649,0,12.64
4,5,8,1,91,276.3,825.1,7.1,13.8,77,7.6,0,8281,76341.69,680790.01,50.41,190.44,5929,57.76,0,753571,21093208.947,561719837.251,357.911,2628.072,456533,438.976,0,0
7,4,8,1,91,276.3,825.1,7.1,13.8,77,7.6,0,8281,76341.69,680790.01,50.41,190.44,5929,57.76,0,753571,21093208.947,561719837.251,357.911,2628.072,456533,438.976,0,11.06
3,4,6,0,91.9,133.6,520.5,8,14.2,58,4,0,8445.61,17848.96,270920.25,64,201.64,3364,16,0,776151.559,2384621.056,141013990.125,512,2863.288,195112,64,0,0
4,5,7,1,92,203.2,664.5,8.1,10.4,75,0.9,0,8464,41290.24,441560.25,65.61,108.16,5625,0.81,0,778688,8390176.768,293416786.125,531.441,1124.864,421875,0.729,0,0
5,4,7,0,94.8,222.4,698.6,13.9,20.3,42,2.7,0,8987.04,49461.76,488041.96,193.21,412.09,1764,7.29,0,851971.392,11000295.424,340946113.256,2685.619,8365.427,74088,19.683,0,0
6,5,8,0,90.3,290,855.3,7.4,10.3,78,4,0,8154.09,84100,731538.09,54.76,106.09,6084,16,0,736314.327,24389000,625684528.377,405.224,1092.727,474552,64,0,18.3
6,5,8,1,91.2,94.3,744.4,8.4,15.4,57,4.9,0,8317.44,8892.49,554131.36,70.56,237.16,3249,24.01,0,758550.528,838561.807,412495384.384,592.704,3652.264,185193,117.649,0,39.35
8,6,7,0,92.1,207,672.6,8.2,21.1,54,2.2,0,8482.41,42849,452390.76,67.24,445.21,2916,4.84,0,781229.961,8869743,304278025.176,551.368,9393.931,157464,10.648,0,0
2,2,7,1,93.7,231.1,715.1,8.4,21.9,42,2.2,0,8779.69,53407.21,511368.01,70.56,479.61,1764,4.84,0,822656.953,12342406.231,365679263.951,592.704,10503.459,74088,10.648,0,174.63
6,5,2,0,90.9,18.9,30.6,8,8.7,51,5.8,0,8262.81,357.21,936.36,64,75.69,2601,33.64,0,751089.429,6751.269,28652.616,512,658.503,132651,195.112,0,0
4,5,0,1,18.7,1.1,171.4,0,5.2,100,0.9,0,349.69,1.21,29377.96,0,27.04,10000,0.81,0,6539.203,1.331,5035382.344,0,140.608,1000000,0.729,0,0
5,4,6,0,93.7,101.3,458.8,11.9,19.3,39,7.2,0,8779.69,10261.69,210497.44,141.61,372.49,1521,51.84,0,822656.953,1039509.197,96576225.472,1685.159,7189.057,59319,373.248,0,7.73
8,6,7,0,90.7,194.1,643,6.8,16.2,63,2.7,0,8226.49,37674.81,413449,46.24,262.44,3969,7.29,0,746142.643,7312680.621,265847707,314.432,4251.528,250047,19.683,0,16.33
8,6,7,0,95.2,217.7,690,18,28.2,29,1.8,0,9063.04,47393.29,476100,324,795.24,841,3.24,0,862801.408,10317519.233,328509000,5832,22425.768,24389,5.832,0,5.86
9,6,7,0,91.6,248.4,753.8,6.3,20.5,58,2.7,0,8390.56,61702.56,568214.44,39.69,420.25,3364,7.29,0,768575.296,15326915.904,428320044.872,250.047,8615.125,195112,19.683,0,42.87
8,4,7,1,91.6,273.8,819.1,7.7,21.3,44,4.5,0,8390.56,74966.44,670924.81,59.29,453.69,1936,20.25,0,768575.296,20525811.272,549554511.871,456.533,9663.597,85184,91.125,0,12.18
2,4,7,1,91.6,181.3,613,7.6,20.9,50,2.2,0,8390.56,32869.69,375769,57.76,436.81,2500,4.84,0,768575.296,5959274.797,230346397,438.976,9129.329,125000,10.648,0,16
3,4,8,1,90.5,96.7,750.5,11.4,20.6,55,5.4,0,8190.25,9350.89,563250.25,129.96,424.36,3025,29.16,0,741217.625,904231.063,422719312.625,1481.544,8741.816,166375,157.464,0,24.59
5,5,2,0,90.9,18.9,30.6,8,11.6,48,5.4,0,8262.81,357.21,936.36,64,134.56,2304,29.16,0,751089.429,6751.269,28652.616,512,1560.896,110592,157.464,0,0
6,4,7,0,94.8,227,706.7,12,23.3,34,3.1,0,8987.04,51529,499424.89,144,542.89,1156,9.61,0,851971.392,11697083,352943569.763,1728,12649.337,39304,29.791,0,28.74
7,4,7,0,94.8,227,706.7,12,23.3,34,3.1,0,8987.04,51529,499424.89,144,542.89,1156,9.61,0,851971.392,11697083,352943569.763,1728,12649.337,39304,29.791,0,0
7,4,1,0,84.7,9.5,58.3,4.1,7.5,71,6.3,0,7174.09,90.25,3398.89,16.81,56.25,5041,39.69,0,607645.423,857.375,198155.287,68.921,421.875,357911,250.047,0,9.96
8,6,8,0,91.1,91.3,738.1,7.2,20.7,46,2.7,0,8299.21,8335.69,544791.61,51.84,428.49,2116,7.29,0,756058.031,761048.497,402110687.341,373.248,8869.743,97336,19.683,0,30.18
1,3,8,1,91,276.3,825.1,7.1,21.9,43,4,0,8281,76341.69,680790.01,50.41,479.61,1849,16,0,753571,21093208.947,561719837.251,357.911,10503.459,79507,64,0,70.76
2,4,2,0,93.4,15,25.6,11.4,15.2,19,7.6,0,8723.56,225,655.36,129.96,231.04,361,57.76,0,814780.504,3375,16777.216,1481.544,3511.808,6859,438.976,0,0
6,5,1,0,84.1,4.6,46.7,2.2,5.3,68,1.8,0,7072.81,21.16,2180.89,4.84,28.09,4624,3.24,0,594823.321,97.336,101847.563,10.648,148.877,314432,5.832,0,0
4,5,1,1,85,9,56.9,3.5,10.1,62,1.8,0,7225,81,3237.61,12.25,102.01,3844,3.24,0,614125,729,184220.009,42.875,1030.301,238328,5.832,0,51.78
4,3,8,1,90.5,96.7,750.5,11.4,20.4,55,4.9,0,8190.25,9350.89,563250.25,129.96,416.16,3025,24.01,0,741217.625,904231.063,422719312.625,1481.544,8489.664,166375,117.649,0,3.64
5,6,7,1,91.6,181.3,613,7.6,24.3,33,3.6,0,8390.56,32869.69,375769,57.76,590.49,1089,12.96,0,768575.296,5959274.797,230346397,438.976,14348.907,35937,46.656,0,3.63
1,2,7,1,93.7,231.1,715.1,8.4,25.9,32,3.1,0,8779.69,53407.21,511368.01,70.56,670.81,1024,9.61,0,822656.953,12342406.231,365679263.951,592.704,17373.979,32768,29.791,0,0
9,5,5,0,93.3,49.5,297.7,14,28,34,4.5,0,8704.89,2450.25,88625.29,196,784,1156,20.25,0,812166.237,121287.375,26383748.833,2744,21952,39304,91.125,0,0
9,5,5,0,93.3,49.5,297.7,14,28,34,4.5,0,8704.89,2450.25,88625.29,196,784,1156,20.25,0,812166.237,121287.375,26383748.833,2744,21952,39304,91.125,0,8.16
3,4,8,0,91.1,88.2,731.7,8.3,22.8,46,4,0,8299.21,7779.24,535384.89,68.89,519.84,2116,16,0,756058.031,686128.968,391741124.013,571.787,11852.352,97336,64,0,4.95
9,9,7,0,94.8,227,706.7,12,25,36,4,0,8987.04,51529,499424.89,144,625,1296,16,0,851971.392,11697083,352943569.763,1728,15625,46656,64,0,0
8,6,7,0,90.7,194.1,643,6.8,21.3,41,3.6,0,8226.49,37674.81,413449,46.24,453.69,1681,12.96,0,746142.643,7312680.621,265847707,314.432,9663.597,68921,46.656,0,0
2,4,8,0,87.9,84.8,725.1,3.7,21.8,34,2.2,0,7726.41,7191.04,525770.01,13.69,475.24,1156,4.84,0,679151.439,609800.192,381235834.251,50.653,10360.232,39304,10.648,0,6.04
2,2,7,0,94.6,212.1,680.9,9.5,27.9,27,2.2,0,8949.16,44986.41,463624.81,90.25,778.41,729,4.84,0,846590.536,9541617.561,315682133.129,857.375,21717.639,19683,10.648,0,0
6,5,8,1,87.1,291.3,860.6,4,17,67,4.9,0,7586.41,84855.69,740632.36,16,289,4489,24.01,0,660776.311,24718462.497,637388209.016,64,4913,300763,117.649,0,3.95
4,5,1,1,84.7,8.2,55,2.9,14.2,46,4,0,7174.09,67.24,3025,8.41,201.64,2116,16,0,607645.423,551.368,166375,24.389,2863.288,97336,64,0,0
4,3,8,0,90.3,290,855.3,7.4,19.9,44,3.1,0,8154.09,84100,731538.09,54.76,396.01,1936,9.61,0,736314.327,24389000,625684528.377,405.224,7880.599,85184,29.791,0,7.8
1,4,6,0,92.3,96.2,450.2,12.1,23.4,31,5.4,0,8519.29,9254.44,202680.04,146.41,547.56,961,29.16,0,786330.467,890277.128,91246554.008,1771.561,12812.904,29791,157.464,0,0
6,3,1,0,84.1,7.3,52.8,2.7,14.7,42,2.7,0,7072.81,53.29,2787.84,7.29,216.09,1764,7.29,0,594823.321,389.017,147197.952,19.683,3176.523,74088,19.683,0,0
7,4,1,0,84.6,3.2,43.6,3.3,8.2,53,9.4,0,7157.16,10.24,1900.96,10.89,67.24,2809,88.36,0,605495.736,32.768,82881.856,35.937,551.368,148877,830.584,0,4.62
9,4,6,0,92.3,92.1,442.1,9.8,22.8,27,4.5,0,8519.29,8482.41,195452.41,96.04,519.84,729,20.25,0,786330.467,781229.961,86409510.461,941.192,11852.352,19683,91.125,0,1.63
7,5,7,1,93.7,231.1,715.1,8.4,26.4,33,3.6,0,8779.69,53407.21,511368.01,70.56,696.96,1089,12.96,0,822656.953,12342406.231,365679263.951,592.704,18399.744,35937,46.656,0,0
5,4,7,1,93.6,235.1,723.1,10.1,24.1,50,4,0,8760.96,55272.01,522873.61,102.01,580.81,2500,16,0,820025.856,12994449.551,378089907.391,1030.301,13997.521,125000,64,0,0
8,6,7,0,94.8,222.4,698.6,13.9,27.5,27,4.9,0,8987.04,49461.76,488041.96,193.21,756.25,729,24.01,0,851971.392,11000295.424,340946113.256,2685.619,20796.875,19683,117.649,0,746.28
6,3,6,0,92.7,164.1,575.8,8.9,26.3,39,3.1,0,8593.29,26928.81,331545.64,79.21,691.69,1521,9.61,0,796597.983,4419017.721,190903979.512,704.969,18191.447,59319,29.791,0,7.02
6,5,2,0,93.4,17.3,28.3,9.9,13.8,24,5.8,0,8723.56,299.29,800.89,98.01,190.44,576,33.64,0,814780.504,5177.717,22665.187,970.299,2628.072,13824,195.112,0,0
2,4,7,1,92,203.2,664.5,8.1,24.9,42,5.4,0,8464,41290.24,441560.25,65.61,620.01,1764,29.16,0,778688,8390176.768,293416786.125,531.441,15438.249,74088,157.464,0,2.44
2,5,7,1,91.6,181.3,613,7.6,24.8,36,4,0,8390.56,32869.69,375769,57.76,615.04,1296,16,0,768575.296,5959274.797,230346397,438.976,15252.992,46656,64,0,3.05
8,8,7,0,91.7,191.4,635.9,7.8,26.2,36,4.5,0,8408.89,36633.96,404368.81,60.84,686.44,1296,20.25,0,771095.213,7011739.944,257138126.279,474.552,17984.728,46656,91.125,0,185.76
2,4,7,0,95.2,217.7,690,18,30.8,19,4.5,0,9063.04,47393.29,476100,324,948.64,361,20.25,0,862801.408,10317519.233,328509000,5832,29218.112,6859,91.125,0,0
8,6,6,1,88.9,263.1,795.9,5.2,29.3,27,3.6,0,7903.21,69221.61,633456.81,27.04,858.49,729,12.96,0,702595.369,18212205.591,504168275.079,140.608,25153.757,19683,46.656,0,6.3
1,3,8,1,91.2,94.3,744.4,8.4,22.3,48,4,0,8317.44,8892.49,554131.36,70.56,497.29,2304,16,0,758550.528,838561.807,412495384.384,592.704,11089.567,110592,64,0,0.72
8,6,7,1,93.7,231.1,715.1,8.4,26.9,31,3.6,0,8779.69,53407.21,511368.01,70.56,723.61,961,12.96,0,822656.953,12342406.231,365679263.951,592.704,19465.109,29791,46.656,0,4.96
2,2,7,0,91.6,248.4,753.8,6.3,20.4,56,2.2,0,8390.56,61702.56,568214.44,39.69,416.16,3136,4.84,0,768575.296,15326915.904,428320044.872,250.047,8489.664,175616,10.648,0,0
8,6,7,0,91.6,248.4,753.8,6.3,20.4,56,2.2,0,8390.56,61702.56,568214.44,39.69,416.16,3136,4.84,0,768575.296,15326915.904,428320044.872,250.047,8489.664,175616,10.648,0,0
2,4,7,0,92.1,207,672.6,8.2,27.9,33,2.2,0,8482.41,42849,452390.76,67.24,778.41,1089,4.84,0,781229.961,8869743,304278025.176,551.368,21717.639,35937,10.648,0,2.35
1,3,7,0,94.8,222.4,698.6,13.9,26.2,34,5.8,0,8987.04,49461.76,488041.96,193.21,686.44,1156,33.64,0,851971.392,11000295.424,340946113.256,2685.619,17984.728,39304,195.112,0,0
3,4,7,1,91.6,181.3,613,7.6,24.6,44,4,0,8390.56,32869.69,375769,57.76,605.16,1936,16,0,768575.296,5959274.797,230346397,438.976,14886.936,85184,64,0,3.2
7,4,8,0,89.7,287.2,849.3,6.8,19.4,45,3.6,0,8046.09,82483.84,721310.49,46.24,376.36,2025,12.96,0,721734.273,23689358.848,612608999.157,314.432,7301.384,91125,46.656,0,0
1,3,7,1,92.1,178,605.3,9.6,23.3,40,4,0,8482.41,31684,366388.09,92.16,542.89,1600,16,0,781229.961,5639752,221774710.877,884.736,12649.337,64000,64,0,6.36
8,6,7,0,94.8,222.4,698.6,13.9,23.9,38,6.7,0,8987.04,49461.76,488041.96,193.21,571.21,1444,44.89,0,851971.392,11000295.424,340946113.256,2685.619,13651.919,54872,300.763,0,0
2,4,7,1,93.6,235.1,723.1,10.1,20.9,66,4.9,0,8760.96,55272.01,522873.61,102.01,436.81,4356,24.01,0,820025.856,12994449.551,378089907.391,1030.301,9129.329,287496,117.649,0,15.34
1,4,7,0,90.6,269.8,811.2,5.5,22.2,45,3.6,0,8208.36,72792.04,658045.44,30.25,492.84,2025,12.96,0,743677.416,19639292.392,533806460.928,166.375,10941.048,91125,46.656,0,0
2,5,6,1,90.8,84.7,376.6,5.6,23.8,51,1.8,0,8244.64,7174.09,141827.56,31.36,566.44,2601,3.24,0,748613.312,607645.423,53412259.096,175.616,13481.272,132651,5.832,0,0
8,6,7,0,92.1,207,672.6,8.2,26.8,35,1.3,0,8482.41,42849,452390.76,67.24,718.24,1225,1.69,0,781229.961,8869743,304278025.176,551.368,19248.832,42875,2.197,0,0.54
8,6,7,1,89.4,253.6,768.4,9.7,14.2,73,2.7,0,7992.36,64312.96,590438.56,94.09,201.64,5329,7.29,0,714516.984,16309766.656,453692989.504,912.673,2863.288,389017,19.683,0,0
2,5,7,1,93.7,231.1,715.1,8.4,23.6,53,4,0,8779.69,53407.21,511368.01,70.56,556.96,2809,16,0,822656.953,12342406.231,365679263.951,592.704,13144.256,148877,64,0,6.43
1,3,8,0,91.1,91.3,738.1,7.2,19.1,46,2.2,0,8299.21,8335.69,544791.61,51.84,364.81,2116,4.84,0,756058.031,761048.497,402110687.341,373.248,6967.871,97336,10.648,0,0.33
5,4,8,0,90.3,290,855.3,7.4,16.2,58,3.6,0,8154.09,84100,731538.09,54.76,262.44,3364,12.96,0,736314.327,24389000,625684528.377,405.224,4251.528,195112,46.656,0,0
8,6,7,0,92.1,207,672.6,8.2,25.5,29,1.8,0,8482.41,42849,452390.76,67.24,650.25,841,3.24,0,781229.961,8869743,304278025.176,551.368,16581.375,24389,5.832,0,1.23
6,5,3,0,87.9,24.9,41.6,3.7,10.9,64,3.1,0,7726.41,620.01,1730.56,13.69,118.81,4096,9.61,0,679151.439,15438.249,71991.296,50.653,1295.029,262144,29.791,0,3.35
1,2,6,0,90.7,80.9,368.3,16.8,14.8,78,8,0,8226.49,6544.81,135644.89,282.24,219.04,6084,64,0,746142.643,529475.129,49958012.987,4741.632,3241.792,474552,512,0,0
2,5,8,0,90.3,290,855.3,7.4,16.2,58,3.6,0,8154.09,84100,731538.09,54.76,262.44,3364,12.96,0,736314.327,24389000,625684528.377,405.224,4251.528,195112,46.656,0,9.96
5,5,7,1,94,47.9,100.7,10.7,17.3,80,4.5,0,8836,2294.41,10140.49,114.49,299.29,6400,20.25,0,830584,109902.239,1021147.343,1225.043,5177.717,512000,91.125,0,0
6,5,7,1,92,203.2,664.5,8.1,19.1,70,2.2,0,8464,41290.24,441560.25,65.61,364.81,4900,4.84,0,778688,8390176.768,293416786.125,531.441,6967.871,343000,10.648,0,0
3,4,2,0,93.4,17.3,28.3,9.9,8.9,35,8,0,8723.56,299.29,800.89,98.01,79.21,1225,64,0,814780.504,5177.717,22665.187,970.299,704.969,42875,512,0,0
7,4,8,0,89.7,284.9,844,10.1,10.5,77,4,0,8046.09,81168.01,712336,102.01,110.25,5929,16,0,721734.273,23124766.049,601211584,1030.301,1157.625,456533,64,0,0
7,4,7,1,91.6,181.3,613,7.6,19.3,61,4.9,0,8390.56,32869.69,375769,57.76,372.49,3721,24.01,0,768575.296,5959274.797,230346397,438.976,7189.057,226981,117.649,0,0
4,5,7,0,95.2,217.7,690,18,23.4,49,5.4,0,9063.04,47393.29,476100,324,547.56,2401,29.16,0,862801.408,10317519.233,328509000,5832,12812.904,117649,157.464,0,6.43
1,4,7,0,90.5,196.8,649.9,16.3,11.8,88,4.9,0,8190.25,38730.24,422370.01,265.69,139.24,7744,24.01,0,741217.625,7622111.232,274498269.499,4330.747,1643.032,681472,117.649,0,9.71
7,4,7,0,91.5,238.2,730.6,7.5,17.7,65,4,0,8372.25,56739.24,533776.36,56.25,313.29,4225,16,0,766060.875,13515286.968,389977008.616,421.875,5545.233,274625,64,0,0
4,5,7,0,89.4,266.2,803.3,5.6,17.4,54,3.1,0,7992.36,70862.44,645290.89,31.36,302.76,2916,9.61,0,714516.984,18863581.528,518362171.937,175.616,5268.024,157464,29.791,0,0
3,4,7,0,91.6,248.4,753.8,6.3,16.8,56,3.1,0,8390.56,61702.56,568214.44,39.69,282.24,3136,9.61,0,768575.296,15326915.904,428320044.872,250.047,4741.632,175616,29.791,0,0
3,4,6,0,94.6,160,567.2,16.7,17.9,48,2.7,0,8949.16,25600,321715.84,278.89,320.41,2304,7.29,0,846590.536,4096000,182477224.448,4657.463,5735.339,110592,19.683,0,0
5,4,3,1,91,14.6,25.6,12.3,17.6,27,5.8,0,8281,213.16,655.36,151.29,309.76,729,33.64,0,753571,3112.136,16777.216,1860.867,5451.776,19683,195.112,0,0
4,3,4,0,89.6,25.4,73.7,5.7,18,40,4,0,8028.16,645.16,5431.69,32.49,324,1600,16,0,719323.136,16387.064,400315.553,185.193,5832,64000,64,0,38.48
8,3,5,0,88.2,96.2,229,4.7,14.3,79,4,0,7779.24,9254.44,52441,22.09,204.49,6241,16,0,686128.968,890277.128,12008989,103.823,2924.207,493039,64,0,1.94
9,4,5,1,90.5,61.1,252.6,9.4,24.5,50,3.1,0,8190.25,3733.21,63806.76,88.36,600.25,2500,9.61,0,741217.625,228099.131,16117587.576,830.584,14706.125,125000,29.791,0,70.32
4,3,5,0,93,103.8,316.7,10.8,26.4,35,2.7,0,8649,10774.44,100298.89,116.64,696.96,1225,7.29,0,804357,1118386.872,31764658.463,1259.712,18399.744,42875,19.683,0,10.08
2,5,5,0,93.7,121.7,350.2,18,22.7,40,9.4,0,8779.69,14810.89,122640.04,324,515.29,1600,88.36,0,822656.953,1802485.313,42948542.008,5832,11697.083,64000,830.584,0,3.19
4,3,6,0,93.5,85.3,395,9.9,27.2,28,1.3,0,8742.25,7276.09,156025,98.01,739.84,784,1.69,0,817400.375,620650.477,61629875,970.299,20123.648,21952,2.197,0,1.76
4,3,6,1,93.7,101.3,423.4,14.7,26.1,45,4,0,8779.69,10261.69,179267.56,216.09,681.21,2025,16,0,822656.953,1039509.197,75901884.904,3176.523,17779.581,91125,64,0,7.36
7,4,6,1,93.7,101.3,423.4,14.7,18.2,82,4.5,0,8779.69,10261.69,179267.56,216.09,331.24,6724,20.25,0,822656.953,1039509.197,75901884.904,3176.523,6028.568,551368,91.125,0,2.21
7,4,6,0,89.2,103.9,431.6,6.4,22.6,57,4.9,0,7956.64,10795.21,186278.56,40.96,510.76,3249,24.01,0,709732.288,1121622.319,80397826.496,262.144,11543.176,185193,117.649,0,278.53
9,9,6,0,93.2,114.4,560,9.5,30.2,25,4.5,0,8686.24,13087.36,313600,90.25,912.04,625,20.25,0,809557.568,1497193.984,175616000,857.375,27543.608,15625,91.125,0,2.75
4,3,6,0,93.2,114.4,560,9.5,30.2,22,4.9,0,8686.24,13087.36,313600,90.25,912.04,484,24.01,0,809557.568,1497193.984,175616000,857.375,27543.608,10648,117.649,0,0
3,4,7,1,94.9,130.3,587.1,14.1,23.4,40,5.8,0,9006.01,16978.09,344686.41,198.81,547.56,1600,33.64,0,854670.349,2212245.127,202365391.311,2803.221,12812.904,64000,195.112,0,1.29
8,6,7,1,94.9,130.3,587.1,14.1,31,27,5.4,0,9006.01,16978.09,344686.41,198.81,961,729,29.16,0,854670.349,2212245.127,202365391.311,2803.221,29791,19683,157.464,0,0
2,5,7,1,94.9,130.3,587.1,14.1,33.1,25,4,0,9006.01,16978.09,344686.41,198.81,1095.61,625,16,0,854670.349,2212245.127,202365391.311,2803.221,36264.691,15625,64,0,26.43
2,4,7,0,95,135.5,596.3,21.3,30.6,28,3.6,0,9025,18360.25,355573.69,453.69,936.36,784,12.96,0,857375,2487813.875,212028591.347,9663.597,28652.616,21952,46.656,0,2.07
5,4,7,0,95.1,141.3,605.8,17.7,24.1,43,6.3,0,9044.01,19965.69,366993.64,313.29,580.81,1849,39.69,0,860085.351,2821151.997,222324747.112,5545.233,13997.521,79507,250.047,0,2
5,4,7,0,95.1,141.3,605.8,17.7,26.4,34,3.6,0,9044.01,19965.69,366993.64,313.29,696.96,1156,12.96,0,860085.351,2821151.997,222324747.112,5545.233,18399.744,39304,46.656,0,16.4
4,4,7,0,95.1,141.3,605.8,17.7,19.4,71,7.6,0,9044.01,19965.69,366993.64,313.29,376.36,5041,57.76,0,860085.351,2821151.997,222324747.112,5545.233,7301.384,357911,438.976,0,46.7
4,4,7,0,95.1,141.3,605.8,17.7,20.6,58,1.3,0,9044.01,19965.69,366993.64,313.29,424.36,3364,1.69,0,860085.351,2821151.997,222324747.112,5545.233,8741.816,195112,2.197,0,0
4,4,7,0,95.1,141.3,605.8,17.7,28.7,33,4,0,9044.01,19965.69,366993.64,313.29,823.69,1089,16,0,860085.351,2821151.997,222324747.112,5545.233,23639.903,35937,64,0,0
4,4,7,0,95.8,152,624.1,13.8,32.4,21,4.5,0,9177.64,23104,389500.81,190.44,1049.76,441,20.25,0,879217.912,3511808,243087455.521,2628.072,34012.224,9261,91.125,0,0
1,3,7,0,95.9,158,633.6,11.3,32.4,27,2.2,0,9196.81,24964,401448.96,127.69,1049.76,729,4.84,0,881974.079,3944312,254358061.056,1442.897,34012.224,19683,10.648,0,0
1,3,7,0,95.9,158,633.6,11.3,27.5,29,4.5,0,9196.81,24964,401448.96,127.69,756.25,841,20.25,0,881974.079,3944312,254358061.056,1442.897,20796.875,24389,91.125,0,43.32
6,6,7,1,96,164,643,14,30.8,30,4.9,0,9216,26896,413449,196,948.64,900,24.01,0,884736,4410944,265847707,2744,29218.112,27000,117.649,0,8.59
6,6,7,0,96.2,175.5,661.8,16.8,23.9,42,2.2,0,9254.44,30800.25,437979.24,282.24,571.21,1764,4.84,0,890277.128,5405443.875,289854661.032,4741.632,13651.919,74088,10.648,0,0

