7,5,2,4,86.2,26.2,94.3,5.1,8.199999999999999,51,6.7,0,0,0
7,4,9,1,90.59999999999999,35.4,669.1,6.7,18,33,0.9,0,0,0
7,4,9,5,90.59999999999999,43.7,686.9,6.7,14.6,33,1.3,0,0,0
8,6,2,4,91.7,33.3,77.5,9,8.300000000000001,97,4,0.2,0,0
8,6,2,6,89.3,51.3,102.2,9.6,11.4,99,1.8,0,0,0
8,6,7,6,92.3,85.3,488,14.7,22.2,29,5.4,0,0,0
8,6,7,0,92.3,88.90000000000001,495.6,8.5,24.1,27,3.1,0,0,0
8,6,7,0,91.5,145.4,608.2,10.7,8,86,2.2,0,0,0
8,6,8,1,91,129.5,692.6,7,13.1,63,5.4,0,0,0
7,5,8,5,92.5,88,698.6,7.1,22.8,40,4,0,0,0
7,5,8,5,92.5,88,698.6,7.1,17.8,51,7.2,0,0,0
7,5,8,5,92.8,73.2,713,22.6,19.3,38,4,0,0,0
6,5,7,4,63.5,70.8,665.3,0.8,17,72,6.7,0,0,0
6,5,8,0,90.90000000000001,126.5,686.5,7,21.3,42,2.2,0,0,0
6,5,8,2,92.90000000000001,133.3,699.6,9.199999999999999,26.4,21,4.5,0,0,0
6,5,8,4,93.3,141.2,713.9,13.9,22.9,44,5.4,0,0,0
5,5,2,5,91.7,35.8,80.8,7.8,15.1,27,5.4,0,0,0
8,5,9,0,84.90000000000001,32.8,664.2,3,16.7,47,4.9,0,0,0
6,4,2,2,89.2,27.9,70.8,6.3,15.9,35,4,0,0,0
6,4,3,5,86.3,27.4,97.09999999999999,5.1,9.300000000000001,44,4.5,0,0,0
6,4,8,1,91,129.5,692.6,7,18.3,40,2.7,0,0,0
5,4,8,0,91.8,78.5,724.3,9.199999999999999,19.1,38,2.7,0,0,0
7,4,5,6,94.3,96.3,200,56.1,21,44,4.5,0,0,0
7,4,7,5,90.2,110.9,537.4,6.2,19.5,43,5.8,0,0,0
7,4,7,5,93.5,139.4,594.2,20.3,23.7,32,5.8,0,0,0
7,4,7,6,91.40000000000001,142.4,601.4,10.6,16.3,60,5.4,0,0,0
7,4,8,4,92.40000000000001,117.9,668,12.2,19,34,5.8,0,0,0
7,4,8,0,90.90000000000001,126.5,686.5,7,19.4,48,1.3,0,0,0
6,3,8,5,93.40000000000001,145.4,721.4,8.1,30.2,24,2.7,0,0,0
6,3,8,6,93.5,149.3,728.6,8.1,22.8,39,3.6,0,0,0
6,3,8,4,94.3,85.09999999999999,692.3,15.9,25.4,24,3.6,0,0,0
6,3,8,0,88.59999999999999,91.8,709.9,7.1,11.2,78,7.6,0,0,0
6,3,8,4,88.59999999999999,69.7,706.8,5.8,20.6,37,1.8,0,0,0
6,3,8,6,91.7,75.59999999999999,718.3,7.8,17.7,39,3.6,0,0,0
6,3,8,0,91.8,78.5,724.3,9.199999999999999,21.2,32,2.7,0,0,0
6,3,8,1,90.3,80.7,730.2,6.3,18.2,62,4.5,0,0,0
6,3,9,1,90.59999999999999,35.4,669.1,6.7,21.7,24,4.5,0,0,0
7,4,9,4,90,41.5,682.6,8.699999999999999,11.3,60,5.4,0,0,0
7,3,9,5,90.59999999999999,43.7,686.9,6.7,17.8,27,4,0,0,0
4,4,2,1,88.09999999999999,25.7,67.59999999999999,3.8,14.1,43,2.7,0,0,0
4,4,6,1,79.5,60.6,366.7,1.5,23.3,37,3.1,0,0,0
4,4,7,5,90.2,96.90000000000001,624.2,8.9,18.4,42,6.7,0,0,0
4,4,7,1,94.8,108.3,647.1,17,16.6,54,5.4,0,0,0
4,4,8,5,92.5,88,698.6,7.1,19.6,48,2.7,0,0,0
4,4,8,2,90.09999999999999,82.90000000000001,735.7,6.2,12.9,74,4.9,0,0,0
5,6,8,2,94.3,85.09999999999999,692.3,15.9,25.9,24,4,0,0,0
5,6,8,0,90.90000000000001,126.5,686.5,7,14.7,70,3.6,0,0,0
6,6,6,0,94.2,62.3,442.9,11,23,36,3.1,0,0,0
4,4,2,0,87.2,23.9,64.7,4.1,11.8,35,1.8,0,0,0
4,4,2,0,87.59999999999999,52.2,103.8,5,11,46,5.8,0,0,0
4,4,8,3,92.90000000000001,137,706.4,9.199999999999999,20.8,17,1.3,0,0,0
4,3,7,6,90.2,99.59999999999999,631.2,6.3,21.5,34,2.2,0,0,0
4,3,7,2,92.09999999999999,111.2,654.1,9.6,20.4,42,4.9,0,0,0
4,3,7,2,92.09999999999999,111.2,654.1,9.6,20.4,42,4.9,0,0,0
4,3,7,3,91.7,114.3,661.3,6.3,17.6,45,3.6,0,0,0
4,3,8,3,92.90000000000001,137,706.4,9.199999999999999,27.7,24,2.2,0,0,0
4,3,8,1,90.3,80.7,730.2,6.3,17.8,63,4.9,0,0,0
4,3,9,6,92.59999999999999,46.5,691.8,8.800000000000001,13.8,50,2.7,0,0,0
2,2,1,0,84,9.300000000000001,34,2.1,13.9,40,5.4,0,0,0
2,2,1,4,86.59999999999999,13.2,43,5.3,12.3,51,0.9,0,0,0
2,2,2,6,89.3,51.3,102.2,9.6,11.5,39,5.8,0,0,0
2,2,2,6,89.3,51.3,102.2,9.6,5.5,59,6.3,0,0,0
2,2,7,3,93,75.3,466.6,7.7,18.8,35,4.9,0,0,0
2,2,7,6,90.2,99.59999999999999,631.2,6.3,20.8,33,2.7,0,0,0
2,2,7,0,91.09999999999999,103.2,638.8,5.8,23.1,31,3.1,0,0,0
2,2,7,3,91.7,114.3,661.3,6.3,18.6,44,4.5,0,0,0
2,2,8,4,92.40000000000001,117.9,668,12.2,23,37,4.5,0,0,0
2,2,8,4,92.40000000000001,117.9,668,12.2,19.6,33,5.4,0,0,0
2,2,8,4,92.40000000000001,117.9,668,12.2,19.6,33,6.3,0,0,0
4,5,2,4,91.7,33.3,77.5,9,17.2,26,4.5,0,0,0
4,5,2,4,91.2,48.3,97.8,12.5,15.8,27,7.6,0,0,0
4,5,8,4,94.3,85.09999999999999,692.3,15.9,17.7,37,3.6,0,0,0
5,4,2,4,91.7,33.3,77.5,9,15.6,25,6.3,0,0,0
5,4,7,1,88.8,147.3,614.5,9,17.3,43,4.5,0,0,0
5,4,8,4,93.3,141.2,713.9,13.9,27.6,30,1.3,0,0,0
9,9,1,3,84.2,6.8,26.6,7.7,6.7,79,3.1,0,0,0
9,9,1,4,86.59999999999999,13.2,43,5.3,15.7,43,3.1,0,0,0
1,3,2,0,87.59999999999999,52.2,103.8,5,8.300000000000001,72,3.1,0,0,0
1,2,7,4,90.09999999999999,108,529.8,12.5,14.7,66,2.7,0,0,0
1,2,7,1,91,121.2,561.6,7,21.6,19,6.7,0,0,0
1,2,7,6,91.40000000000001,142.4,601.4,10.6,19.5,39,6.3,0,0,0
1,2,7,6,90.2,99.59999999999999,631.2,6.3,17.9,44,2.2,0,0,0
1,2,7,1,94.8,108.3,647.1,17,18.6,51,4.5,0,0,0
1,2,7,2,92.09999999999999,111.2,654.1,9.6,16.6,47,0.9,0,0,0
1,2,7,3,91.7,114.3,661.3,6.3,20.2,45,3.6,0,0,0
1,2,8,3,92.90000000000001,137,706.4,9.199999999999999,21.5,15,0.9,0,0,0
1,2,8,3,92.90000000000001,137,706.4,9.199999999999999,25.4,27,2.2,0,0,0
1,2,8,3,92.90000000000001,137,706.4,9.199999999999999,22.4,34,2.2,0,0,0
1,2,8,6,93.5,149.3,728.6,8.1,25.3,36,3.6,0,0,0
6,5,2,5,91.7,35.8,80.8,7.8,17.4,25,4.9,0,0,0
6,5,7,5,90.2,96.90000000000001,624.2,8.9,14.7,59,5.8,0,0,0
8,6,2,4,91.7,35.8,80.8,7.8,17.4,24,5.4,0,0,0
8,6,7,6,92.3,85.3,488,14.7,20.8,32,6.3,0,0,0
8,6,7,6,91.40000000000001,142.4,601.4,10.6,18.2,43,4.9,0,0,0
8,6,7,0,91.09999999999999,103.2,638.8,5.8,23.4,22,2.7,0,0,0
4,4,8,6,89.7,90,704.4,4.8,17.8,64,1.3,0,0,0
3,4,1,5,83.90000000000001,8,30.2,2.6,12.7,48,1.8,0,0,0
3,4,2,5,69,2.4,15.5,0.7,17.4,24,5.4,0,0,0
3,4,7,6,91.40000000000001,142.4,601.4,10.6,11.6,87,4.5,0,0,0
3,4,7,6,91.40000000000001,142.4,601.4,10.6,19.8,39,5.4,0,0,0
3,4,7,6,91.40000000000001,142.4,601.4,10.6,19.8,39,5.4,0,0,0
3,4,7,1,88.8,147.3,614.5,9,14.4,66,5.4,0,0,0
2,4,7,1,94.8,108.3,647.1,17,20.1,40,4,0,0,0
2,4,8,5,92.5,121.1,674.4,8.6,24.1,29,4.5,0,0,0
2,4,0,5,82.09999999999999,3.7,9.300000000000001,2.9,5.3,78,3.1,0,0,0
4,5,2,4,85.90000000000001,19.5,57.3,2.8,12.7,52,6.3,0,0,0
4,5,2,3,91.40000000000001,30.7,74.3,7.5,18.2,29,3.1,0,0,0
4,5,7,6,90.2,99.59999999999999,631.2,6.3,21.4,33,3.1,0,0,0
4,5,8,5,92.5,88,698.6,7.1,20.3,45,3.1,0,0,0
4,5,8,0,88.59999999999999,91.8,709.9,7.1,17.4,56,5.4,0,0,0
4,4,2,4,85.90000000000001,19.5,57.3,2.8,13.7,43,5.8,0,0,0
3,4,2,4,91.7,33.3,77.5,9,18.8,18,4.5,0,0,0
3,4,8,6,89.7,90,704.4,4.8,22.8,39,3.6,0,0,0
3,4,8,0,91.8,78.5,724.3,9.199999999999999,18.9,35,2.7,0,0,0
3,4,2,1,88.09999999999999,25.7,67.59999999999999,3.8,15.8,27,7.6,0,0,0
3,5,2,1,88.09999999999999,25.7,67.59999999999999,3.8,15.5,27,6.3,0,0,0
3,4,2,5,91.7,35.8,80.8,7.8,11.6,30,6.3,0,0,0
3,4,2,5,91.7,35.8,80.8,7.8,15.2,27,4.9,0,0,0
3,4,2,0,90.09999999999999,39.7,86.59999999999999,6.2,10.6,30,4,0,0,0
3,4,7,3,93,75.3,466.6,7.7,19.6,36,3.1,0,0,0
3,4,7,0,91.5,145.4,608.2,10.7,10.3,74,2.2,0,0,0
3,4,7,0,91.5,145.4,608.2,10.7,17.1,43,5.4,0,0,0
3,4,8,6,92.40000000000001,124.1,680.7,8.5,22.5,42,5.4,0,0,0
3,4,8,1,84.40000000000001,73.40000000000001,671.9,3.2,17.9,45,3.1,0,0,0
3,4,8,4,94.3,85.09999999999999,692.3,15.9,19.8,50,5.4,0,0,0
3,4,9,6,92.59999999999999,46.5,691.8,8.800000000000001,20.6,24,5.4,0,0,0
3,5,2,0,87.59999999999999,52.2,103.8,5,9,49,2.2,0,0,0
3,5,8,4,93.5,149.3,728.6,8.1,17.2,43,3.1,0,0,0
3,5,9,2,91.40000000000001,37.9,673.8,5.2,15.9,46,3.6,0,0,0
2,5,9,6,92.59999999999999,46.5,691.8,8.800000000000001,15.4,35,0.9,0,0,0
4,6,1,5,68.2,21.5,87.2,0.8,15.4,40,2.7,0,0,0
4,6,2,0,87.2,23.9,64.7,4.1,14,39,3.1,0,0,0
4,6,2,6,89.3,51.3,102.2,9.6,10.6,46,4.9,0,0,0
4,6,8,3,93.7,80.90000000000001,685.2,17.9,17.6,42,3.1,0,0,0
3,5,2,1,88.09999999999999,25.7,67.59999999999999,3.8,14.9,38,2.7,0,0,0
3,5,7,5,93.5,139.4,594.2,20.3,17.6,52,5.8,0,0,0
3,6,8,6,92.40000000000001,124.1,680.7,8.5,17.2,58,1.3,0,0,0
3,6,8,0,90.90000000000001,126.5,686.5,7,15.6,66,3.1,0,0,0
9,9,6,1,85.8,48.3,313.4,3.9,18,42,2.7,0,0.36,0.0003300209013237505
1,4,8,1,91,129.5,692.6,7,21.7,38,2.2,0,0.43,0.000394191632136702
2,5,8,0,90.90000000000001,126.5,686.5,7,21.9,39,1.8,0,0.47,0.0004308606211726743
1,2,7,2,95.5,99.90000000000001,513.3,13.2,23.3,31,4.5,0,0.55,0.0005041985992446189
8,6,7,4,90.09999999999999,108,529.8,12.5,21.2,51,8.9,0,0.61,0.0005592020827985773
1,2,6,5,90,51.3,296.3,8.699999999999999,16.6,53,5.4,0,0.71,0.0006508745553885079
2,5,7,2,95.5,99.90000000000001,513.3,13.2,23.8,32,5.4,0,0.77,0.0007058780389424664
6,5,7,3,95.2,131.7,578.8,10.4,27.4,22,4,0,0.9,0.0008250522533093764
5,4,2,0,90.09999999999999,39.7,86.59999999999999,6.2,13.2,40,5.4,0,0.95,0.0008708884896043417
8,3,8,1,84.40000000000001,73.40000000000001,671.9,3.2,24.2,28,3.6,0,0.96,0.0008800557368633347
2,2,7,1,94.8,108.3,647.1,17,17.4,43,6.7,0,1.07,0.0009808954567122586
8,6,8,3,93.7,80.90000000000001,685.2,17.9,23.7,25,4.5,0,1.12,0.001026731693007224
6,5,5,4,92.5,56.4,433.3,7.1,23.2,39,5.4,0,1.19,0.001090902423820175
9,9,6,6,90.09999999999999,68.59999999999999,355.2,7.2,24.8,29,2.2,0,1.36,0.001246745627223058
3,4,6,5,90.09999999999999,51.2,424.1,6.2,24.6,43,1.8,0,1.43,0.001310916358036009
5,4,8,4,94.3,85.09999999999999,692.3,15.9,20.1,47,4.9,0,1.46,0.001338418099812988
1,5,8,5,93.40000000000001,145.4,721.4,8.1,29.6,27,2.7,0,1.46,0.001338418099812988
7,4,7,6,94.8,108.3,647.1,17,16.4,47,1.3,0,1.56,0.001430090572402919
2,4,8,5,93.40000000000001,145.4,721.4,8.1,28.6,27,2.2,0,1.61,0.001475926808697884
2,2,7,2,92.09999999999999,111.2,654.1,9.6,18.4,45,3.6,0,1.63,0.00149426130321587
2,4,7,2,92.09999999999999,111.2,654.1,9.6,20.5,35,4,0,1.64,0.001503428550474863
7,4,8,4,92.40000000000001,117.9,668,12.2,19,34,5.8,0,1.69,0.001549264786769829
7,4,2,0,90.09999999999999,39.7,86.59999999999999,6.2,16.1,29,3.1,0,1.75,0.001604268270323787
6,4,7,3,95.2,131.7,578.8,10.4,20.3,41,4,0,1.9,0.001741776979208683
6,3,2,5,90.59999999999999,50.1,100.4,7.8,15.2,31,8.5,0,1.94,0.001778445968244655
8,6,8,5,92.5,121.1,674.4,8.6,17.8,56,1.8,0,1.95,0.001787613215503649
8,5,8,6,89.7,90,704.4,4.8,17.8,67,2.2,0,2.01,0.001842616699057607
6,5,2,3,84.90000000000001,18.2,55,3,5.3,70,4.5,0,2.14,0.001961790913424517
6,5,7,2,92.09999999999999,111.2,654.1,9.6,16.6,47,0.9,0,2.29,0.002099299622309413
6,5,7,2,96,127.1,570.5,16.5,23.4,33,4.5,0,2.51,0.00230097906200726
6,5,2,4,91.2,48.3,97.8,12.5,14.6,26,9.4,0,2.53,0.002319313556525246
8,6,7,3,95.2,131.7,578.8,10.4,20.7,45,2.2,0,2.55,0.002337648051043233
5,4,8,2,92.90000000000001,133.3,699.6,9.199999999999999,21.9,35,1.8,0,2.57,0.002355982545561219
8,6,7,2,85.59999999999999,90.40000000000001,609.6,6.6,17.4,50,4,0,2.69,0.002465989512669136
7,4,7,6,91.40000000000001,142.4,601.4,10.6,20.1,39,5.4,0,2.74,0.002511825748964101
4,4,8,0,90.90000000000001,126.5,686.5,7,17.7,39,2.2,0,3.07,0.002814344908510872
1,4,7,5,90.2,96.90000000000001,624.2,8.9,14.2,53,1.8,0,3.5,0.003208536540647575
1,4,7,5,90.2,96.90000000000001,624.2,8.9,20.3,39,4.9,0,4.53,0.004152763008323861
6,5,3,3,81.5,9.1,55.2,2.7,5.8,54,5.8,0,4.61,0.004226100986395805
2,5,7,6,90.2,99.59999999999999,631.2,6.3,19.2,44,2.7,0,4.69,0.00429943896446775
2,5,8,2,90.09999999999999,82.90000000000001,735.7,6.2,18.3,45,2.2,0,4.88,0.004473616662388618
8,6,7,1,88.8,147.3,614.5,9,14.4,66,5.4,0,5.23,0.004794470316453376
1,3,8,6,92.40000000000001,124.1,680.7,8.5,23.9,32,6.7,0,5.33,0.004886142789043307
8,6,9,0,84.90000000000001,32.8,664.2,3,19.1,32,4,0,5.44,0.00498698250889223
5,4,1,6,86.8,15.6,48.3,3.9,12.4,53,2.2,0,6.38,0.005848703751237578
7,4,9,0,91.7,48.5,696.1,11.1,16.8,45,4.5,0,6.83,0.006261229877892267
8,6,7,4,93.90000000000001,135.7,586.7,15.1,20.8,34,4.9,0,6.96,0.006380404092259177
2,5,8,1,91,129.5,692.6,7,17.6,46,3.1,0,7.04,0.006453742070331121
8,6,2,6,89.3,51.3,102.2,9.6,11.5,39,5.8,0,7.19,0.006591250779216018
1,5,8,0,90.90000000000001,126.5,686.5,7,21,42,2.2,0,7.3,0.006692090499064941
6,4,2,5,90.8,41.9,89.40000000000001,7.9,13.3,42,0.9,0,7.4,0.006783762971654872
7,4,2,6,90.7,44,92.40000000000001,5.5,11.5,60,4,0,8.24,0.00755381174141029
6,5,2,4,91.2,48.3,97.8,12.5,11.7,33,4,0,8.31,0.007617982472223242
2,5,7,3,95.2,131.7,578.8,10.4,24.2,28,2.7,0,8.68,0.007957170620805984
2,2,7,1,94.8,108.3,647.1,17,24.6,22,4.5,0,8.710000000000001,0.007984672362582965
4,5,8,2,92.90000000000001,133.3,699.6,9.199999999999999,24.3,25,4,0,9.41,0.008626379670712479
2,2,7,1,94.8,108.3,647.1,17,24.6,22,4.5,0,10.01,0.009176414506252064
2,5,7,4,93.90000000000001,135.7,586.7,15.1,23.5,36,5.4,0,10.02,0.009185581753511056
6,5,3,3,81.5,9.1,55.2,2.7,5.8,54,5.8,0,10.93,0.01001980125407943
4,5,8,3,92.90000000000001,137,706.4,9.199999999999999,21.5,15,0.9,0,11.06,0.01013897546844634
3,4,8,1,91,129.5,692.6,7,13.9,59,6.3,0,11.24,0.01030398591910821
2,4,8,0,63.5,70.8,665.3,0.8,22.6,38,3.6,0,11.32,0.01037732389718016
1,5,8,1,91,129.5,692.6,7,21.6,33,2.2,0,11.53,0.01056983608961901
6,5,2,6,90.09999999999999,37.6,83.7,7.2,12.4,54,3.6,0,12.1,0.01109236918338161
7,4,1,6,83.90000000000001,8.699999999999999,32.1,2.1,8.800000000000001,68,2.2,0,13.05,0.01196325767298596
8,6,9,2,91.40000000000001,37.9,673.8,5.2,20.2,37,2.7,0,13.7,0.0125591287448205
5,6,2,5,90.59999999999999,50.1,100.4,7.8,15.1,64,4,0,13.99,0.01282497891533131
4,5,8,3,92.90000000000001,137,706.4,9.199999999999999,22.1,34,1.8,0,14.57,0.0133566792563529
2,2,7,5,93.5,139.4,594.2,20.3,22.9,31,7.2,0,15.45,0.01416339701514429
7,5,8,1,91,129.5,692.6,7,20.7,37,2.2,0,17.2,0.01576766528546808
6,5,8,4,92.40000000000001,117.9,668,12.2,19.6,33,6.3,0,19.23,0.01762861647904368
8,3,8,3,93.7,80.90000000000001,685.2,17.9,23.2,26,4.9,0,23.41,0.02146052583330278
4,4,9,5,90.59999999999999,43.7,686.9,6.7,18.4,25,3.1,0,24.23,0.02221224010854021
7,4,7,5,93.5,139.4,594.2,20.3,5.1,96,5.8,0,26,0.02383484287338198
7,4,8,4,94.3,85.09999999999999,692.3,15.9,20.1,47,4.9,0,26.13,0.02395401708774889
7,3,2,0,87.59999999999999,52.2,103.8,5,11,46,5.8,0,27.35,0.02507242125334605
4,4,2,5,91.7,35.8,80.8,7.8,17,27,4.9,0,28.66,0.02627333064427414
4,4,2,5,91.7,35.8,80.8,7.8,17,27,4.9,0,28.66,0.02627333064427414
4,4,8,6,92.40000000000001,124.1,680.7,8.5,16.9,60,1.3,0,29.48,0.02702504491951157
1,3,8,0,88.59999999999999,91.8,709.9,7.1,12.4,73,6.3,0,30.32,0.02779509368926699
4,5,8,2,92.90000000000001,133.3,699.6,9.199999999999999,19.4,19,1.3,0,31.72,0.02907850830552602
6,5,2,0,90.09999999999999,39.7,86.59999999999999,6.2,15.2,27,3.1,0,31.86,0.02920684976715192
8,6,7,6,90.2,99.59999999999999,631.2,6.3,16.2,59,3.1,0,32.07,0.02939936195959078
3,4,8,4,93.3,141.2,713.9,13.9,18.6,49,3.6,0,35.88,0.03289208316526714
4,3,2,0,87.59999999999999,52.2,103.8,5,11,46,5.8,0,36.85,0.03378130614938946
2,2,6,4,88.3,150.3,309.9,6.8,13.4,79,3.6,0,37.02,0.03393714935279235
7,4,8,2,90.09999999999999,82.90000000000001,735.7,6.2,15.4,57,4.5,0,37.71,0.03456968941366287
4,4,8,6,93.5,149.3,728.6,8.1,22.9,39,4.9,0,48.55,0.04450698544241136
7,5,9,0,91.7,48.5,696.1,11.1,16.1,44,4,0,49.37,0.04525869971764879
8,6,7,5,92.2,81.8,480.8,11.9,20.1,34,4.5,0,58.3,0.0534450515199296
4,6,8,6,93.5,149.3,728.6,8.1,28.3,26,3.1,0,64.09999999999999,0.05876205493014557
8,6,7,5,92.2,81.8,480.8,11.9,16.4,43,4,0,71.3,0.06536247295662059
4,4,8,2,92.90000000000001,133.3,699.6,9.199999999999999,26.4,21,4.5,0,88.48999999999999,0.08112097099482968
1,5,8,6,93.5,149.3,728.6,8.1,27.8,27,3.1,0,95.18000000000001,0.08725385941109605
6,4,8,1,91,129.5,692.6,7,18.7,43,2.7,0,103.39,0.09478016941072935
9,4,8,1,84.40000000000001,73.40000000000001,671.9,3.2,24.3,36,3.1,0,105.66,0.09686113453852077
4,5,8,5,92.5,121.1,674.4,8.6,17.7,25,3.1,0,154.88,0.1419823255472847
8,6,7,6,91.40000000000001,142.4,601.4,10.6,19.6,41,5.8,0,196.48,0.1801180741446958
2,2,8,5,92.5,121.1,674.4,8.6,18.2,46,1.8,0,200.94,0.1842066664222068
1,2,8,1,91,129.5,692.6,7,18.8,40,2.2,0,212.88,0.1951523596494445
6,5,8,5,92.5,121.1,674.4,8.6,25.1,27,4,0,1090.84,1
7,5,3,6,81.90000000000001,3,7.9,3.5,13.4,75,1.8,0,0,0
6,3,3,2,88,17.2,43.5,3.8,15.2,51,2.7,0,0,0
4,4,3,4,83,23.3,85.3,2.3,16.7,20,3.1,0,0,0
2,4,7,6,94.2,122.3,589.9,12.9,15.4,66,4,0,10.13,0.009286421473359981
7,4,7,6,91.8,175.1,700.7,13.8,21.9,73,7.6,1,0,0
2,4,7,6,91.8,175.1,700.7,13.8,22.4,54,7.6,0,2.87,0.002630999963331011
3,4,7,6,91.8,175.1,700.7,13.8,26.8,38,6.3,0,0.76,0.0006967107916834734
5,4,7,6,91.8,175.1,700.7,13.8,25.7,39,5.4,0,0.09,8.250522533093764e-05
2,4,7,2,92.2,91.59999999999999,503.6,9.6,20.7,70,2.2,0,0.75,0.0006875435444244803
8,6,7,2,93.09999999999999,157.3,666.7,13.5,28.7,28,2.7,0,0,0
3,4,7,2,93.09999999999999,157.3,666.7,13.5,21.7,40,0.4,0,2.47,0.002264310072971289
8,5,7,2,93.09999999999999,157.3,666.7,13.5,26.8,25,3.1,0,0.68,0.0006233728136115288
8,5,7,2,93.09999999999999,157.3,666.7,13.5,24,36,3.1,0,0.24,0.0002200139342158337
6,5,7,2,93.09999999999999,157.3,666.7,13.5,22.1,37,3.6,0,0.21,0.0001925121924388545
7,4,7,3,91.90000000000001,109.2,565.5,8,21.4,38,2.7,0,1.52,0.001393421583366947
6,3,7,3,91.59999999999999,138.1,621.7,6.3,18.9,41,3.1,0,10.34,0.009478933665798835
2,5,7,3,87.5,77,694.8,5,22.3,46,4,0,0,0
8,6,7,5,94.2,117.2,581.1,11,23.9,41,2.2,0,8.02,0.007352132301712442
4,3,7,5,94.2,117.2,581.1,11,21.4,44,2.7,0,0.68,0.0006233728136115288
3,4,7,5,91.8,170.9,692.3,13.7,20.6,59,0.9,0,0,0
7,4,7,5,91.8,170.9,692.3,13.7,23.7,40,1.8,0,1.38,0.001265080121741044
2,4,7,0,93.59999999999999,97.90000000000001,542,14.4,28.3,32,4,0,8.85,0.008113013824208867
3,4,7,4,91.59999999999999,112.4,573,8.9,11.2,84,7.6,0,3.3,0.003025191595467713
2,4,7,4,91.59999999999999,112.4,573,8.9,21.4,42,3.1,0,4.25,0.003896080085072055
6,3,7,4,91.09999999999999,141.1,629.1,7.1,19.3,39,3.6,0,1.56,0.001430090572402919
4,4,7,4,94.3,167.6,684.4,13,21.8,53,3.1,0,6.54,0.005995379707381468
4,4,7,1,93.7,102.2,550.3,14.6,22.1,54,7.6,0,0.79,0.0007242125334604526
6,5,7,1,94.3,131.7,607.1,22.7,19.4,55,4,0,0.17,0.0001558432034028822
2,2,7,1,92.09999999999999,152.6,658.2,14.3,23.7,24,3.1,0,0,0
3,4,7,1,92.09999999999999,152.6,658.2,14.3,21,32,3.1,0,0,0
4,4,7,1,92.09999999999999,152.6,658.2,14.3,19.1,53,2.7,0,4.4,0.004033588793956951
2,2,7,1,92.09999999999999,152.6,658.2,14.3,21.8,56,3.1,0,0.52,0.0004766968574676397
8,6,7,1,92.09999999999999,152.6,658.2,14.3,20.1,58,4.5,0,9.27,0.008498038209086576
2,5,7,1,92.09999999999999,152.6,658.2,14.3,20.2,47,4,0,3.09,0.002832679403028858
4,6,11,6,84.40000000000001,27.2,353.5,6.8,4.8,57,8.5,0,8.98,0.008232188038575778
8,6,11,2,84,27.8,354.6,5.3,5.1,61,8,0,11.19,0.01025814968281324
4,6,11,3,84.59999999999999,26.4,352,2,5.1,61,4.9,0,5.38,0.004931979025338272
4,4,11,0,85.40000000000001,25.4,349.7,2.6,4.6,21,8.5,0,17.85,0.01636353635730263
3,4,11,0,85.40000000000001,25.4,349.7,2.6,4.6,21,8.5,0,10.73,0.009836456308899564
4,4,11,0,85.40000000000001,25.4,349.7,2.6,4.6,21,8.5,0,22.03,0.02019544571156174
4,4,11,0,85.40000000000001,25.4,349.7,2.6,4.6,21,8.5,0,9.77,0.008956400572036229
4,6,11,4,84.7,26.7,352.6,4.1,2.2,59,4.9,0,9.27,0.008498038209086576
6,5,11,1,85.40000000000001,25.4,349.7,2.6,5.1,24,8.5,0,24.77,0.02270727146052583
6,3,1,6,84.90000000000001,27.5,353.5,3.4,4.2,51,4,0,0,0
3,4,1,2,86.90000000000001,6.6,18.7,3.2,8.800000000000001,35,3.1,0,1.1,0.001008397198489238
5,4,1,4,85.2,4.9,15.8,6.3,7.5,46,8,0,24.24,0.0222214073557992
2,5,6,6,93.90000000000001,169.7,411.8,12.3,23.4,40,6.3,0,0,0
7,6,6,2,91.2,183.1,437.7,12.5,12.6,90,7.6,0.2,0,0
7,4,6,5,91.59999999999999,104.2,474.9,9,22.1,49,2.7,0,0,0
7,4,6,5,91.59999999999999,104.2,474.9,9,24.2,32,1.8,0,0,0
7,4,6,5,91.59999999999999,104.2,474.9,9,24.3,30,1.8,0,0,0
2,5,6,5,91.59999999999999,104.2,474.9,9,18.7,53,1.8,0,0,0
9,4,6,5,91.59999999999999,104.2,474.9,9,25.3,39,0.9,0,8,0.007333797807194456
4,5,6,4,91.59999999999999,100.2,466.3,6.3,22.9,40,1.3,0,2.64,0.00242015327637417
7,6,6,1,93.09999999999999,180.4,430.8,11,26.9,28,5.4,0,86.45,0.0792508525539951
8,6,6,1,92.3,88.8,440.9,8.5,17.1,67,3.6,0,6.57,0.006022881449158447
7,5,5,6,93.09999999999999,180.4,430.8,11,22.2,48,1.3,0,0,0
6,4,5,6,90.40000000000001,89.5,290.8,6.4,14.3,46,1.8,0,0.9,0.0008250522533093764
8,6,5,6,90.40000000000001,89.5,290.8,6.4,15.4,45,2.2,0,0,0
8,6,5,2,91.2,147.8,377.2,12.7,19.6,43,4.9,0,0,0
6,5,5,5,53.4,71,233.8,0.4,10.6,90,2.7,0,0,0
6,5,5,0,90.40000000000001,93.3,298.1,7.5,20.7,25,4.9,0,0,0
6,5,5,0,90.40000000000001,93.3,298.1,7.5,19.1,39,5.4,0,3.52,0.003226871035165561
3,6,5,4,91.09999999999999,94.09999999999999,232.1,7.1,19.2,38,4.5,0,0,0
3,6,5,4,91.09999999999999,94.09999999999999,232.1,7.1,19.2,38,4.5,0,0,0
6,5,4,5,85.09999999999999,28,113.8,3.5,11.3,94,4.9,0,0,0
1,4,8,6,89.59999999999999,84.09999999999999,714.3,5.7,19,52,2.2,0,0,0
7,4,8,6,89.59999999999999,84.09999999999999,714.3,5.7,17.1,53,5.4,0,0.41,0.0003758571376187159
3,4,8,6,89.59999999999999,84.09999999999999,714.3,5.7,23.8,35,3.6,0,5.18,0.00474863408015841
2,4,8,6,92.40000000000001,105.8,758.1,9.9,16,45,1.8,0,0,0
2,4,8,6,92.40000000000001,105.8,758.1,9.9,24.9,27,2.2,0,0,0
7,4,8,6,92.40000000000001,105.8,758.1,9.9,25.3,27,2.7,0,0,0
6,3,8,6,92.40000000000001,105.8,758.1,9.9,24.8,28,1.8,0,14.29,0.0130999963331011
2,4,8,6,50.4,46.2,706.6,0.4,12.2,78,6.3,0,0,0
6,5,8,2,92.59999999999999,115.4,777.1,8.800000000000001,24.3,27,4.9,0,0,0
4,4,8,2,92.59999999999999,115.4,777.1,8.800000000000001,19.7,41,1.8,0,1.58,0.001448425066920905
3,4,8,2,91.2,134.7,817.5,7.2,18.5,30,2.7,0,0,0
4,5,8,3,92.40000000000001,96.2,739.4,8.6,18.6,24,5.8,0,0,0
4,4,8,3,92.40000000000001,96.2,739.4,8.6,19.2,24,4.9,0,3.78,0.003465219463899381
6,5,8,3,92.8,119,783.5,7.5,21.6,27,2.2,0,0,0
5,4,8,3,92.8,119,783.5,7.5,21.6,28,6.3,0,4.41,0.004042756041215944
6,3,8,3,92.8,119,783.5,7.5,18.9,34,7.2,0,34.36,0.03149866158190019
1,4,8,3,92.8,119,783.5,7.5,16.8,28,4,0,7.21,0.006609585273734004
6,5,8,3,92.8,119,783.5,7.5,16.8,28,4,0,1.01,0.0009258919731583001
3,5,8,3,90.7,136.9,822.8,6.8,12.9,39,2.7,0,2.18,0.001998459902460489
6,5,8,3,88.09999999999999,53.3,726.9,5.4,13.7,56,1.8,0,4.42,0.004051923288474937
1,4,8,5,92.2,102.3,751.5,8.4,24.2,27,3.1,0,0,0
5,4,8,5,92.2,102.3,751.5,8.4,24.1,27,3.1,0,0,0
6,5,8,5,92.2,102.3,751.5,8.4,21.2,32,2.2,0,0,0
6,5,8,5,92.2,102.3,751.5,8.4,19.7,35,1.8,0,0,0
4,3,8,5,92.2,102.3,751.5,8.4,23.5,27,4,0,3.33,0.003052693337244693
3,3,8,5,92.2,102.3,751.5,8.4,24.2,27,3.1,0,6.58,0.00603204869641744
7,4,8,5,91.2,124.4,795.3,8.5,21.5,28,4.5,0,15.64,0.01433757471306516
4,4,8,5,91.2,124.4,795.3,8.5,17.1,41,2.2,0,11.22,0.01028565142459023
1,4,8,0,92.09999999999999,87.7,721.1,9.5,18.1,54,3.1,0,2.13,0.001952623666165524
2,3,8,0,91.59999999999999,108.4,764,6.2,18,51,5.4,0,0,0
4,3,8,0,91.59999999999999,108.4,764,6.2,9.800000000000001,86,1.8,0,0,0
7,4,8,0,91.59999999999999,108.4,764,6.2,19.3,44,2.2,0,0,0
6,3,8,0,91.59999999999999,108.4,764,6.2,23,34,2.2,0,56.04,0.05137325363939717
8,6,8,0,91.59999999999999,108.4,764,6.2,22.7,35,2.2,0,7.48,0.006857100949726817
2,4,8,0,91.59999999999999,108.4,764,6.2,20.4,41,1.8,0,1.47,0.001347585347071981
2,5,8,0,91.59999999999999,108.4,764,6.2,19.3,44,2.2,0,3.93,0.003602728172784277
8,6,8,0,91.90000000000001,111.7,770.3,6.5,15.7,51,2.2,0,0,0
6,3,8,0,91.5,130.1,807.1,7.5,20.6,37,1.8,0,0,0
8,6,8,0,91.5,130.1,807.1,7.5,15.9,51,4.5,0,2.18,0.001998459902460489
6,3,8,0,91.5,130.1,807.1,7.5,12.2,66,4.9,0,6.1,0.005592020827985772
2,2,8,0,91.5,130.1,807.1,7.5,16.8,43,3.1,0,5.83,0.00534450515199296
1,4,8,0,91.5,130.1,807.1,7.5,21.3,35,2.2,0,28.19,0.02584247002310146
5,4,8,4,92.09999999999999,99,745.3,9.6,10.1,75,3.6,0,0,0
3,4,8,4,92.09999999999999,99,745.3,9.6,17.4,57,4.5,0,0,0
5,4,8,4,92.09999999999999,99,745.3,9.6,12.8,64,3.6,0,1.64,0.001503428550474863
5,4,8,4,92.09999999999999,99,745.3,9.6,10.1,75,3.6,0,3.71,0.003401048733086429
4,4,8,4,92.09999999999999,99,745.3,9.6,15.4,53,6.3,0,7.31,0.006701257746323934
7,4,8,4,92.09999999999999,99,745.3,9.6,20.6,43,3.6,0,2.03,0.001860951193575593
7,4,8,4,92.09999999999999,99,745.3,9.6,19.8,47,2.7,0,1.72,0.001576766528546808
7,4,8,4,92.09999999999999,99,745.3,9.6,18.7,50,2.2,0,5.97,0.005472846613618862
4,4,8,4,92.09999999999999,99,745.3,9.6,20.8,35,4.9,0,13.06,0.01197242492024495
4,4,8,4,92.09999999999999,99,745.3,9.6,20.8,35,4.9,0,1.26,0.001155073154633127
6,3,8,4,92.5,122,789.7,10.2,15.9,55,3.6,0,0,0
6,3,8,4,92.5,122,789.7,10.2,19.7,39,2.7,0,0,0
1,4,8,4,92.5,122,789.7,10.2,21.1,39,2.2,0,8.119999999999999,0.007443804774302372
6,5,8,4,92.5,122,789.7,10.2,18.4,42,2.2,0,1.09,0.0009992299512302447
4,3,8,4,92.5,122,789.7,10.2,17.3,45,4,0,3.94,0.00361189542004327
7,4,8,4,88.2,55.2,732.3,11.6,15.2,64,3.1,0,0.52,0.0004766968574676397
4,3,8,1,91.90000000000001,111.7,770.3,6.5,15.9,53,2.2,0,2.93,0.00268600344688497
6,5,8,1,91.90000000000001,111.7,770.3,6.5,21.1,35,2.7,0,5.65,0.005179494701331085
6,5,8,1,91.90000000000001,111.7,770.3,6.5,19.6,45,3.1,0,20.03,0.01836199625976312
4,5,8,1,91.09999999999999,132.3,812.1,12.5,15.9,38,5.4,0,1.75,0.001604268270323787
4,5,8,1,91.09999999999999,132.3,812.1,12.5,16.4,27,3.6,0,0,0
6,5,8,5,91.2,94.3,744.4,8.4,16.8,47,4.9,0,12.64,0.01158740053536724
4,5,8,6,91,276.3,825.1,7.1,13.8,77,7.6,0,0,0
7,4,8,6,91,276.3,825.1,7.1,13.8,77,7.6,0,11.06,0.01013897546844634
3,4,6,2,91.90000000000001,133.6,520.5,8,14.2,58,4,0,0,0
4,5,7,6,92,203.2,664.5,8.1,10.4,75,0.9,0,0,0
5,4,7,3,94.8,222.4,698.6,13.9,20.3,42,2.7,0,0,0
6,5,8,4,90.3,290,855.3,7.4,10.3,78,4,0,18.3,0.01677606248395732
6,5,8,5,91.2,94.3,744.4,8.4,15.4,57,4.9,0,39.35,0.03607311796413773
8,6,7,0,92.09999999999999,207,672.6,8.199999999999999,21.1,54,2.2,0,0,0
2,2,7,5,93.7,231.1,715.1,8.4,21.9,42,2.2,0,174.63,0.160087638883796
6,5,2,3,90.90000000000001,18.9,30.6,8,8.699999999999999,51,5.8,0,0,0
4,5,0,6,18.7,1.1,171.4,0,5.2,100,0.9,0,0,0
5,4,6,2,93.7,101.3,458.8,11.9,19.3,39,7.2,0,7.73,0.007086282131201643
8,6,7,3,90.7,194.1,643,6.8,16.2,63,2.7,0,16.33,0.01497011477393568
8,6,7,2,95.2,217.7,690,18,28.2,29,1.8,0,5.86,0.005372006893769939
9,6,7,3,91.59999999999999,248.4,753.8,6.3,20.5,58,2.7,0,42.87,0.03929998899930329
8,4,7,5,91.59999999999999,273.8,819.1,7.7,21.3,44,4.5,0,12.18,0.01116570716145356
2,4,7,6,91.59999999999999,181.3,613,7.6,20.9,50,2.2,0,16,0.01466759561438891
3,4,8,6,90.5,96.7,750.5,11.4,20.6,55,5.4,0,24.59,0.02254226100986396
5,5,2,3,90.90000000000001,18.9,30.6,8,11.6,48,5.4,0,0,0
6,4,7,4,94.8,227,706.7,12,23.3,34,3.1,0,28.74,0.02634666862234608
7,4,7,4,94.8,227,706.7,12,23.3,34,3.1,0,0,0
7,4,1,0,84.7,9.5,58.3,4.1,7.5,71,6.3,0,9.960000000000001,0.009130578269957099
8,6,8,4,91.09999999999999,91.3,738.1,7.2,20.7,46,2.7,0,30.18,0.02766675222764109
1,3,8,6,91,276.3,825.1,7.1,21.9,43,4,0,70.76000000000001,0.06486744160463497
2,4,2,1,93.40000000000001,15,25.6,11.4,15.2,19,7.6,0,0,0
6,5,1,0,84.09999999999999,4.6,46.7,2.2,5.3,68,1.8,0,0,0
4,5,1,6,85,9,56.9,3.5,10.1,62,1.8,0,51.78,0.04746800630706612
4,3,8,6,90.5,96.7,750.5,11.4,20.4,55,4.9,0,3.64,0.003336878002273478
5,6,7,6,91.59999999999999,181.3,613,7.6,24.3,33,3.6,0,3.63,0.003327710755014484
1,2,7,5,93.7,231.1,715.1,8.4,25.9,32,3.1,0,0,0
9,5,5,2,93.3,49.5,297.7,14,28,34,4.5,0,0,0
9,5,5,2,93.3,49.5,297.7,14,28,34,4.5,0,8.16,0.007480473763338345
3,4,8,3,91.09999999999999,88.2,731.7,8.300000000000001,22.8,46,4,0,4.95,0.00453778739320157
9,9,7,4,94.8,227,706.7,12,25,36,4,0,0,0
8,6,7,3,90.7,194.1,643,6.8,21.3,41,3.6,0,0,0
2,4,8,2,87.90000000000001,84.8,725.1,3.7,21.8,34,2.2,0,6.04,0.005537017344431815
2,2,7,1,94.59999999999999,212.1,680.9,9.5,27.9,27,2.2,0,0,0
6,5,8,5,87.09999999999999,291.3,860.6,4,17,67,4.9,0,3.95,0.003621062667302263
4,5,1,5,84.7,8.199999999999999,55,2.9,14.2,46,4,0,0,0
4,3,8,4,90.3,290,855.3,7.4,19.9,44,3.1,0,7.8,0.007150452862014595
1,4,6,1,92.3,96.2,450.2,12.1,23.4,31,5.4,0,0,0
6,3,1,4,84.09999999999999,7.3,52.8,2.7,14.7,42,2.7,0,0,0
7,4,1,4,84.59999999999999,3.2,43.6,3.3,8.199999999999999,53,9.4,0,4.62,0.004235268233654798
9,4,6,0,92.3,92.09999999999999,442.1,9.800000000000001,22.8,27,4.5,0,1.63,0.00149426130321587
7,5,7,5,93.7,231.1,715.1,8.4,26.4,33,3.6,0,0,0
5,4,7,6,93.59999999999999,235.1,723.1,10.1,24.1,50,4,0,0,0
8,6,7,3,94.8,222.4,698.6,13.9,27.5,27,4.9,0,746.28,0.6841333284441348
6,3,6,1,92.7,164.1,575.8,8.9,26.3,39,3.1,0,7.02,0.006435407575813135
6,5,2,2,93.40000000000001,17.3,28.3,9.9,13.8,24,5.8,0,0,0
2,4,7,6,92,203.2,664.5,8.1,24.9,42,5.4,0,2.44,0.002236808331194309
2,5,7,6,91.59999999999999,181.3,613,7.6,24.8,36,4,0,3.05,0.002796010413992886
8,8,7,2,91.7,191.4,635.9,7.8,26.2,36,4.5,0,185.76,0.1702907850830553
2,4,7,2,95.2,217.7,690,18,30.8,19,4.5,0,0,0
8,6,6,6,88.90000000000001,263.1,795.9,5.2,29.3,27,3.6,0,6.3,0.005775365773165634
1,3,8,5,91.2,94.3,744.4,8.4,22.3,48,4,0,0.72,0.0006600418026475011
8,6,7,5,93.7,231.1,715.1,8.4,26.9,31,3.6,0,4.96,0.004546954640460563
2,2,7,3,91.59999999999999,248.4,753.8,6.3,20.4,56,2.2,0,0,0
8,6,7,3,91.59999999999999,248.4,753.8,6.3,20.4,56,2.2,0,0,0
2,4,7,0,92.09999999999999,207,672.6,8.199999999999999,27.9,33,2.2,0,2.35,0.002154303105863372
1,3,7,3,94.8,222.4,698.6,13.9,26.2,34,5.8,0,0,0
3,4,7,6,91.59999999999999,181.3,613,7.6,24.6,44,4,0,3.2,0.002933519122877782
7,4,8,3,89.7,287.2,849.3,6.8,19.4,45,3.6,0,0,0
1,3,7,5,92.09999999999999,178,605.3,9.6,23.3,40,4,0,6.36,0.005830369256719593
8,6,7,3,94.8,222.4,698.6,13.9,23.9,38,6.7,0,0,0
2,4,7,6,93.59999999999999,235.1,723.1,10.1,20.9,66,4.9,0,15.34,0.01406255729529537
1,4,7,4,90.59999999999999,269.8,811.2,5.5,22.2,45,3.6,0,0,0
2,5,6,5,90.8,84.7,376.6,5.6,23.8,51,1.8,0,0,0
8,6,7,0,92.09999999999999,207,672.6,8.199999999999999,26.8,35,1.3,0,0.54,0.0004950313519856258
8,6,7,5,89.40000000000001,253.6,768.4,9.699999999999999,14.2,73,2.7,0,0,0
2,5,7,5,93.7,231.1,715.1,8.4,23.6,53,4,0,6.43,0.005894539987532544
1,3,8,4,91.09999999999999,91.3,738.1,7.2,19.1,46,2.2,0,0.33,0.0003025191595467713
5,4,8,4,90.3,290,855.3,7.4,16.2,58,3.6,0,0,0
8,6,7,0,92.09999999999999,207,672.6,8.199999999999999,25.5,29,1.8,0,1.23,0.001127571412856148
6,5,3,0,87.90000000000001,24.9,41.6,3.7,10.9,64,3.1,0,3.35,0.003071027831762679
1,2,6,4,90.7,80.90000000000001,368.3,16.8,14.8,78,8,0,0,0
2,5,8,4,90.3,290,855.3,7.4,16.2,58,3.6,0,9.960000000000001,0.009130578269957099
5,5,7,6,94,47.9,100.7,10.7,17.3,80,4.5,0,0,0
6,5,7,6,92,203.2,664.5,8.1,19.1,70,2.2,0,0,0
3,4,2,2,93.40000000000001,17.3,28.3,9.9,8.9,35,8,0,0,0
7,4,8,2,89.7,284.9,844,10.1,10.5,77,4,0,0,0
7,4,7,6,91.59999999999999,181.3,613,7.6,19.3,61,4.9,0,0,0
4,5,7,2,95.2,217.7,690,18,23.4,49,5.4,0,6.43,0.005894539987532544
1,4,7,4,90.5,196.8,649.9,16.3,11.8,88,4.9,0,9.710000000000001,0.008901397088482272
7,4,7,0,91.5,238.2,730.6,7.5,17.7,65,4,0,0,0
4,5,7,3,89.40000000000001,266.2,803.3,5.6,17.4,54,3.1,0,0,0
3,4,7,3,91.59999999999999,248.4,753.8,6.3,16.8,56,3.1,0,0,0
3,4,6,0,94.59999999999999,160,567.2,16.7,17.9,48,2.7,0,0,0
2,4,7,3,91.59999999999999,248.4,753.8,6.3,16.6,59,2.7,0,0,0
1,4,7,2,91.7,191.4,635.9,7.8,19.9,50,4,0,82.75,0.07585897106816766
8,6,7,5,93.7,231.1,715.1,8.4,18.9,64,4.9,0,3.32,0.003043526089985699
7,4,7,5,91.59999999999999,273.8,819.1,7.7,15.5,72,8,0,1.94,0.001778445968244655
2,5,7,5,93.7,231.1,715.1,8.4,18.9,64,4.9,0,0,0
8,6,7,5,93.7,231.1,715.1,8.4,18.9,64,4.9,0,0,0
1,4,8,6,91,276.3,825.1,7.1,14.5,76,7.6,0,3.71,0.003401048733086429
6,5,1,1,75.09999999999999,4.4,16.2,1.9,4.6,82,6.3,0,5.39,0.004941146272597265
6,4,1,1,75.09999999999999,4.4,16.2,1.9,5.1,77,5.4,0,2.14,0.001961790913424517
2,2,1,5,79.5,3.6,15.3,1.8,4.6,59,0.9,0,6.84,0.00627039712515126
6,5,2,0,87.2,15.1,36.9,7.1,10.2,45,5.8,0,3.18,0.002915184628359796
3,4,2,2,90.2,18.5,41.1,7.3,11.2,41,5.4,0,5.55,0.005087822228741154
6,5,2,3,91.3,20.6,43.5,8.5,13.3,27,3.6,0,6.61,0.006059550438194419
6,3,3,6,91,14.6,25.6,12.3,13.7,33,9.4,0,61.13,0.05603938249422464
5,4,3,6,91,14.6,25.6,12.3,17.6,27,5.8,0,0,0
4,3,4,4,89.59999999999999,25.4,73.7,5.7,18,40,4,0,38.48,0.03527556745260533
8,3,5,0,88.2,96.2,229,4.7,14.3,79,4,0,1.94,0.001778445968244655
9,4,5,5,90.5,61.1,252.6,9.4,24.5,50,3.1,0,70.31999999999999,0.06446408272523926
4,3,5,3,93,103.8,316.7,10.8,26.4,35,2.7,0,10.08,0.009240585237065014
2,5,5,3,93.7,121.7,350.2,18,22.7,40,9.4,0,3.19,0.002924351875618789
4,3,6,3,93.5,85.3,395,9.9,27.2,28,1.3,0,1.76,0.00161343551758278
4,3,6,6,93.7,101.3,423.4,14.7,26.1,45,4,0,7.36,0.0067470939826189
7,4,6,6,93.7,101.3,423.4,14.7,18.2,82,4.5,0,2.21,0.002025961644237469
7,4,6,0,89.2,103.9,431.6,6.4,22.6,57,4.9,0,278.53,0.2553353379047339
9,9,6,3,93.2,114.4,560,9.5,30.2,25,4.5,0,2.75,0.002520992996223094
4,3,6,3,93.2,114.4,560,9.5,30.2,22,4.9,0,0,0
3,4,7,6,94.90000000000001,130.3,587.1,14.1,23.4,40,5.8,0,1.29,0.001182574896410106
8,6,7,6,94.90000000000001,130.3,587.1,14.1,31,27,5.4,0,0,0
2,5,7,6,94.90000000000001,130.3,587.1,14.1,33.1,25,4,0,26.43,0.02422903450551869
2,4,7,0,95,135.5,596.3,21.3,30.6,28,3.6,0,2.07,0.001897620182611565
5,4,7,1,95.09999999999999,141.3,605.8,17.7,24.1,43,6.3,0,2,0.001833449451798614
5,4,7,1,95.09999999999999,141.3,605.8,17.7,26.4,34,3.6,0,16.4,0.01503428550474863
4,4,7,1,95.09999999999999,141.3,605.8,17.7,19.4,71,7.6,0,46.7,0.04281104469949764
4,4,7,2,95.09999999999999,141.3,605.8,17.7,20.6,58,1.3,0,0,0
4,4,7,2,95.09999999999999,141.3,605.8,17.7,28.7,33,4,0,0,0
4,4,7,3,95.8,152,624.1,13.8,32.4,21,4.5,0,0,0
1,3,7,4,95.90000000000001,158,633.6,11.3,32.4,27,2.2,0,0,0
1,3,7,4,95.90000000000001,158,633.6,11.3,27.5,29,4.5,0,43.32,0.03971251512595798
6,6,7,5,96,164,643,14,30.8,30,4.9,0,8.59,0.007874665395475048
6,6,7,0,96.2,175.5,661.8,16.8,23.9,42,2.2,0,0,0
4,5,7,0,96.2,175.5,661.8,16.8,32.6,26,3.1,0,2.77,0.002539327490741081
3,4,7,1,96.09999999999999,181.1,671.2,14.3,32.3,27,2.2,0,14.68,0.01345751897620183
6,5,7,1,96.09999999999999,181.1,671.2,14.3,33.3,26,2.7,0,40.54,0.03716402038795791
7,5,7,1,96.09999999999999,181.1,671.2,14.3,27.3,63,4.9,6.4,10.82,0.009918961534230502
8,6,7,1,96.09999999999999,181.1,671.2,14.3,21.6,65,4.9,0.8,0,0
7,5,7,1,96.09999999999999,181.1,671.2,14.3,21.6,65,4.9,0.8,0,0
4,4,7,1,96.09999999999999,181.1,671.2,14.3,20.7,69,4.9,0.4,0,0
2,4,7,2,94.5,139.4,689.1,20,29.2,30,4.9,0,1.95,0.001787613215503649
4,3,7,2,94.5,139.4,689.1,20,28.9,29,4.9,0,49.59,0.04546037915734664
1,2,7,3,91,163.2,744.4,10.1,26.7,35,1.8,0,5.8,0.005317003410215981
1,2,7,4,91,166.9,752.6,7.1,18.5,73,8.5,0,0,0
2,4,7,4,91,166.9,752.6,7.1,25.9,41,3.6,0,0,0
1,2,7,4,91,166.9,752.6,7.1,25.9,41,3.6,0,0,0
5,4,7,4,91,166.9,752.6,7.1,21.1,71,7.6,1.4,2.17,0.001989292655201496
6,5,7,4,91,166.9,752.6,7.1,18.2,62,5.4,0,0.43,0.000394191632136702
8,6,7,6,81.59999999999999,56.7,665.6,1.9,27.8,35,2.7,0,0,0
4,3,7,6,81.59999999999999,56.7,665.6,1.9,27.8,32,2.7,0,6.44,0.005903707234791538
2,4,7,6,81.59999999999999,56.7,665.6,1.9,21.9,71,5.8,0,54.29,0.04976898536907338
7,4,7,6,81.59999999999999,56.7,665.6,1.9,21.2,70,6.7,0,11.16,0.01023064794103627
1,4,7,5,94.40000000000001,146,614.7,11.3,25.6,42,4,0,0,0
6,3,10,1,79.5,3,106.7,1.1,11.8,31,4.5,0,0,0
